program_id,topic_id,boundary_type,ground_truth_time_sec,condition,nearest_prediction_time_sec,absolute_error_sec
news7_20260507,t001,program_edge,20.84,full,20.96,0.120000000000001
news7_20260507,t002,studio_transition,397.13,full,396.0,1.1299999999999955
news7_20260507,t003,studio_transition,498.12,full,497.0,1.1200000000000045
news7_20260507,t004,studio_transition,963.56,full,963.0,0.5599999999999454
news7_20260507,t005,studio_transition,1144.07,full,1144.0,0.06999999999993634
news7_20260507,t006,studio_transition,1351.22,full,1351.0,0.22000000000002728
news7_20260507,t007,bumper_transition,1531.07,full,1521.82,9.25
news7_20260507,t008,studio_transition,1563.86,full,1560.23,3.6299999999998818
news7_20260507,t009,studio_transition,1664.49,full,1664.0,0.4900000000000091
news7_20260517,t001,program_edge,20.31,full,20.0,0.3099999999999987
news7_20260517,t002,studio_transition,113.22,full,112.78,0.4399999999999977
news7_20260517,t003,studio_transition,458.74,full,458.0,0.7400000000000091
news7_20260517,t004,studio_transition,885.36,full,885.0,0.36000000000001364
news7_20260517,t005,studio_transition,915.44,full,885.0,30.440000000000055
news7_20260517,t006,studio_transition,1120.72,full,1120.0,0.7200000000000273
news7_20260517,t007,studio_transition,1213.88,full,1213.0,0.8800000000001091
news7_20260517,t008,studio_transition,1336.46,full,1337.29,0.8299999999999272
news7_20260517,t009,bumper_transition,1376.54,full,1380.0,3.4600000000000364
news7_20260517,t010,bumper_transition,1419.97,full,1440.0,20.029999999999973
news7_20260517,t011,studio_transition,1470.19,full,1469.87,0.3200000000001637
news7_20260517,t012,studio_transition,1578.59,full,1578.34,0.25
news7_20260517,t013,studio_transition,1685.59,full,1685.0,0.5899999999999181
news7_20260522,t001,program_edge,20.23,full,20.0,0.23000000000000043
news7_20260522,t002,studio_transition,404.90999999999997,full,405.0,0.09000000000003183
news7_20260522,t003,studio_transition,619.34,full,619.0,0.34000000000003183
news7_20260522,t004,studio_transition,885.38,full,861.14,24.24000000000001
news7_20260522,t005,vtr_transition,1097.46,full,1098.0,0.5399999999999636
news7_20260522,t006,studio_transition,1184.36,full,1184.0,0.35999999999989996
news7_20260522,t007,studio_transition,1348.94,full,1348.28,0.6600000000000819
news7_20260522,t008,studio_transition,1454.89,full,1450.52,4.370000000000118
news7_20260522,t009,bumper_transition,1498.58,full,1500.0,1.4200000000000728
news7_20260522,t010,studio_transition,1546.16,full,1546.0,0.16000000000008185
news7_20260522,t011,studio_transition,1665.08,full,1664.36,0.7200000000000273
news7_20260526,t001,program_edge,20.68,full,20.0,0.6799999999999997
news7_20260526,t002,studio_transition,499.35,full,499.0,0.35000000000002274
news7_20260526,t003,studio_transition,876.1,full,876.0,0.10000000000002274
news7_20260526,t004,studio_transition,933.3,full,948.0,14.700000000000045
news7_20260526,t005,studio_transition,1262.3,full,1262.03,0.2699999999999818
news7_20260526,t006,studio_transition,1404.69,full,1404.0,0.6900000000000546
news7_20260526,t007,studio_transition,1569.33,full,1569.0,0.32999999999992724
news7_20260526,t008,studio_transition,1659.99,full,1660.0,0.009999999999990905
news7_20260601,t001,program_edge,16.86,full,16.0,0.8599999999999994
news7_20260601,t002,studio_transition,743.39,full,743.0,0.38999999999998636
news7_20260601,t003,studio_transition,816.71,full,816.0,0.7100000000000364
news7_20260601,t004,studio_transition,1114.08,full,1113.68,0.3999999999998636
news7_20260601,t005,studio_transition,1368.47,full,1368.0,0.4700000000000273
news7_20260601,t006,bumper_transition,1586.93,full,1565.33,21.600000000000136
news7_20260601,t007,bumper_transition,1623.56,full,1620.0,3.5599999999999454
news7_20260601,t008,studio_transition,1663.56,full,1663.03,0.5299999999999727
news7_20260601,t009,studio_transition,1682.19,full,1680.76,1.4300000000000637
news7_20260605,t001,program_edge,20.41,full,41.0,20.59
news7_20260605,t002,studio_transition,31.37,full,41.0,9.629999999999999
news7_20260605,t003,studio_transition,351.92,full,352.0,0.07999999999998408
news7_20260605,t004,studio_transition,572.17,full,572.0,0.16999999999995907
news7_20260605,t005,studio_transition,844.9,full,827.5,17.399999999999977
news7_20260605,t006,studio_transition,1089.32,full,1120.65,31.330000000000155
news7_20260605,t007,studio_transition,1476.45,full,1462.0,14.450000000000045
news7_20260605,t008,studio_transition,1657.87,full,1658.0,0.13000000000010914
news7_20260614,t001,program_edge,19.95,full,12.0,7.949999999999999
news7_20260614,t002,studio_transition,218.8,full,219.0,0.19999999999998863
news7_20260614,t003,studio_transition,502.11,full,502.0,0.11000000000001364
news7_20260614,t004,studio_transition,977.56,full,978.75,1.1900000000000546
news7_20260614,t005,studio_transition,1170.19,full,1169.0,1.1900000000000546
news7_20260614,t006,studio_transition,1329.39,full,1316.48,12.910000000000082
news7_20260614,t007,bumper_transition,1416.43,full,1440.0,23.569999999999936
news7_20260614,t008,bumper_transition,1463.85,full,1440.0,23.84999999999991
news7_20260614,t009,studio_transition,1511.3,full,1510.61,0.6900000000000546
news7_20260614,t010,studio_transition,1601.83,full,1596.0,5.829999999999927
news7_20260614,t011,studio_transition,1681.8,full,1681.0,0.7999999999999545
news7_20260619,t001,program_edge,19.59,full,20.0,0.41000000000000014
news7_20260619,t002,studio_transition,157.9,full,158.0,0.09999999999999432
news7_20260619,t003,studio_transition,618.5,full,618.0,0.5
news7_20260619,t004,vtr_transition,954.56,full,939.2,15.3599999999999
news7_20260619,t005,studio_transition,1231.09,full,1230.46,0.6299999999998818
news7_20260619,t006,studio_transition,1341.65,full,1341.0,0.650000000000091
news7_20260619,t007,studio_transition,1492.08,full,1492.0,0.07999999999992724
news7_20260619,t008,bumper_transition,1598.55,full,1598.0,0.5499999999999545
news7_20260619,t009,bumper_transition,1637.56,full,1657.0,19.440000000000055
news7_20260619,t010,studio_transition,1677.17,full,1677.48,0.30999999999994543
news7_20260622,t001,program_edge,20.4,full,11.34,9.059999999999999
news7_20260622,t002,studio_transition,208.47,full,206.81,1.6599999999999966
news7_20260622,t003,studio_transition,611.52,full,611.0,0.5199999999999818
news7_20260622,t004,studio_transition,754.76,full,750.38,4.3799999999999955
news7_20260622,t005,studio_transition,865.39,full,865.0,0.38999999999998636
news7_20260622,t006,vtr_transition,1085.74,full,1084.0,1.740000000000009
news7_20260622,t007,vtr_transition,1401.51,full,1380.0,21.50999999999999
news7_20260622,t008,studio_transition,1464.74,full,1437.87,26.87000000000012
news7_20260622,t009,studio_transition,1673.62,full,1672.0,1.6199999999998909
news7_20260627,t001,program_edge,20.71,full,19.0,1.7100000000000009
news7_20260627,t002,studio_transition,762.45,full,762.0,0.4500000000000455
news7_20260627,t003,studio_transition,1103.82,full,1100.0,3.8199999999999363
news7_20260627,t004,studio_transition,1460.81,full,1460.0,0.8099999999999454
news7_20260627,t005,studio_transition,1583.38,full,1576.47,6.910000000000082
news7_20260627,t006,studio_transition,1690.84,full,1691.0,0.16000000000008185
wbs_20260507,t001,program_edge,39.0,full,37.0,2.0
wbs_20260507,t002,studio_transition,641.12,full,638.3,2.82000000000005
wbs_20260507,t003,studio_transition,921.48,full,921.0,0.4800000000000182
wbs_20260507,t004,studio_transition,1276.14,full,1275.67,0.4700000000000273
wbs_20260507,t005,vtr_transition,1348.54,full,1347.0,1.5399999999999636
wbs_20260507,t006,vtr_transition,1394.13,full,1380.0,14.13000000000011
wbs_20260507,t007,vtr_transition,1429.7,full,1429.0,0.7000000000000455
wbs_20260507,t008,vtr_transition,1474.4,full,1500.0,25.59999999999991
wbs_20260507,t009,cm_adjacent,1651.34,full,1649.49,1.849999999999909
wbs_20260507,t010,cm_adjacent,2104.75,full,2109.03,4.2800000000002
wbs_20260507,t011,cm_adjacent,2583.49,full,2453.22,130.26999999999998
wbs_20260507,t012,studio_transition,2722.94,full,2722.0,0.9400000000000546
wbs_20260507,t013,cm_adjacent,2892.51,full,2897.0,4.489999999999782
wbs_20260507,t014,bumper_transition,2931.16,full,2940.0,8.840000000000146
wbs_20260507,t015,bumper_transition,2957.37,full,2940.0,17.36999999999989
wbs_20260507,t016,cm_adjacent,3277.45,full,3274.41,3.0399999999999636
wbs_20260507,t017,studio_transition,3309.54,full,3308.64,0.900000000000091
wbs_20260514,t001,program_edge,33.03,full,33.0,0.030000000000001137
wbs_20260514,t002,studio_transition,921.63,full,920.59,1.0399999999999636
wbs_20260514,t003,studio_transition,1235.88,full,1236.0,0.11999999999989086
wbs_20260514,t004,vtr_transition,1306.14,full,1306.05,0.09000000000014552
wbs_20260514,t005,vtr_transition,1339.27,full,1320.0,19.269999999999982
wbs_20260514,t006,vtr_transition,1374.54,full,1373.0,1.5399999999999636
wbs_20260514,t007,vtr_transition,1433.23,full,1433.0,0.2300000000000182
wbs_20260514,t008,cm_adjacent,1609.23,full,1602.37,6.860000000000127
wbs_20260514,t009,cm_adjacent,2088.06,full,2140.0,51.940000000000055
wbs_20260514,t010,cm_adjacent,2421.14,full,2291.99,129.1500000000001
wbs_20260514,t011,cm_adjacent,2784.48,full,2784.7,0.2199999999997999
wbs_20260514,t012,bumper_transition,2827.5,full,2826.0,1.5
wbs_20260514,t013,bumper_transition,2854.84,full,2880.0,25.159999999999854
wbs_20260514,t014,bumper_transition,2883.66,full,2880.0,3.6599999999998545
wbs_20260514,t015,cm_adjacent,3152.68,full,3154.65,1.9700000000002547
wbs_20260514,t016,vtr_transition,3187.46,full,3186.0,1.4600000000000364
wbs_20260514,t017,vtr_transition,3215.98,full,3215.0,0.9800000000000182
wbs_20260514,t018,vtr_transition,3249.11,full,3248.0,1.1100000000001273
wbs_20260514,t019,studio_transition,3284.37,full,3293.04,8.670000000000073
wbs_20260522,t001,program_edge,36.0,full,31.0,5.0
wbs_20260522,t002,studio_transition,536.37,full,535.68,0.6900000000000546
wbs_20260522,t003,studio_transition,972.77,full,973.0,0.2300000000000182
wbs_20260522,t004,studio_transition,1023.64,full,1020.0,3.6399999999999864
wbs_20260522,t005,studio_transition,1383.26,full,1382.77,0.4900000000000091
wbs_20260522,t006,vtr_transition,1437.53,full,1440.0,2.4700000000000273
wbs_20260522,t007,cm_adjacent,1609.32,full,1609.28,0.03999999999996362
wbs_20260522,t008,cm_adjacent,2575.6,full,2445.81,129.78999999999996
wbs_20260522,t009,cm_adjacent,2905.08,full,2904.25,0.8299999999999272
wbs_20260522,t010,bumper_transition,2943.05,full,2940.0,3.050000000000182
wbs_20260522,t011,bumper_transition,2960.82,full,2960.0,0.8200000000001637
wbs_20260522,t012,studio_transition,2987.2,full,2985.3,1.8999999999996362
wbs_20260522,t013,studio_transition,3259.28,full,3258.81,0.47000000000025466
wbs_20260522,t014,vtr_transition,3299.01,full,3300.0,0.9899999999997817
wbs_20260522,t015,studio_transition,3327.56,full,3330.0,2.4400000000000546
wbs_20260527,t001,program_edge,35.95,full,10.93,25.020000000000003
wbs_20260527,t002,studio_transition,613.53,full,611.52,2.009999999999991
wbs_20260527,t003,studio_transition,1043.47,full,1043.64,0.17000000000007276
wbs_20260527,t004,vtr_transition,1110.05,full,1109.0,1.0499999999999545
wbs_20260527,t005,vtr_transition,1168.62,full,1168.0,0.6199999999998909
wbs_20260527,t006,vtr_transition,1201.88,full,1201.0,0.8800000000001091
wbs_20260527,t007,vtr_transition,1269.19,full,1260.0,9.190000000000055
wbs_20260527,t008,cm_adjacent,1461.75,full,1460.38,1.3699999999998909
wbs_20260527,t009,studio_transition,1841.05,full,1841.0,0.049999999999954525
wbs_20260527,t010,cm_adjacent,2026.72,full,2022.72,4.0
wbs_20260527,t011,cm_adjacent,2559.64,full,2553.25,6.389999999999873
wbs_20260527,t012,cm_adjacent,2947.39,full,2945.23,2.1599999999998545
wbs_20260527,t013,bumper_transition,2983.42,full,2988.0,4.579999999999927
wbs_20260527,t014,bumper_transition,3010.11,full,3021.0,10.889999999999873
wbs_20260527,t015,studio_transition,3038.51,full,3038.0,0.5100000000002183
wbs_20260527,t016,cm_adjacent,3303.54,full,3300.0,3.5399999999999636
wbs_20260527,t017,studio_transition,3337.99,full,3338.0,0.010000000000218279
wbs_20260601,t001,program_edge,37.31,full,38.0,0.6899999999999977
wbs_20260601,t002,studio_transition,698.56,full,696.86,1.6999999999999318
wbs_20260601,t003,studio_transition,1077.75,full,1078.0,0.25
wbs_20260601,t004,studio_transition,1479.31,full,1479.0,0.30999999999994543
wbs_20260601,t005,studio_transition,1529.66,full,1528.22,1.4400000000000546
wbs_20260601,t006,vtr_transition,1594.19,full,1593.0,1.1900000000000546
wbs_20260601,t007,vtr_transition,1649.11,full,1660.0,10.8900000000001
wbs_20260601,t008,vtr_transition,1678.36,full,1678.0,0.35999999999989996
wbs_20260601,t009,vtr_transition,1710.86,full,1740.0,29.1400000000001
wbs_20260601,t010,cm_adjacent,1899.28,full,1898.0,1.2799999999999727
wbs_20260601,t011,cm_adjacent,2581.79,full,2583.44,1.650000000000091
wbs_20260601,t012,cm_adjacent,2862.65,full,2861.69,0.9600000000000364
wbs_20260601,t013,bumper_transition,2897.22,full,2895.0,2.2199999999998
wbs_20260601,t014,bumper_transition,2916.12,full,2915.0,1.1199999999998909
wbs_20260601,t015,studio_transition,2936.32,full,2935.0,1.3200000000001637
wbs_20260601,t016,cm_adjacent,2972.41,full,2970.53,1.8799999999996544
wbs_20260601,t017,cm_adjacent,3249.64,full,3253.16,3.519999999999982
wbs_20260601,t018,vtr_transition,3293.05,full,3300.0,6.949999999999818
wbs_20260601,t019,studio_transition,3328.7,full,3328.0,0.6999999999998181
wbs_20260605,t001,program_edge,36.43,full,28.25,8.18
wbs_20260605,t002,studio_transition,548.07,full,545.0,3.07000000000005
wbs_20260605,t003,studio_transition,856.73,full,856.0,0.7300000000000182
wbs_20260605,t004,studio_transition,1175.47,full,1175.0,0.4700000000000273
wbs_20260605,t005,vtr_transition,1227.6,full,1260.0,32.40000000000009
wbs_20260605,t006,vtr_transition,1266.57,full,1266.0,0.5699999999999363
wbs_20260605,t007,vtr_transition,1308.15,full,1320.0,11.849999999999909
wbs_20260605,t008,studio_transition,1340.95,full,1339.47,1.4800000000000182
wbs_20260605,t009,cm_adjacent,2182.0,full,2054.0,128.0
wbs_20260605,t010,cm_adjacent,2600.31,full,2472.8,127.50999999999976
wbs_20260605,t011,cm_adjacent,2881.54,full,2891.0,9.460000000000036
wbs_20260605,t012,bumper_transition,2916.15,full,2925.0,8.849999999999909
wbs_20260605,t013,bumper_transition,2937.35,full,2940.0,2.650000000000091
wbs_20260605,t014,bumper_transition,2961.45,full,2960.0,1.449999999999818
wbs_20260605,t015,cm_adjacent,3231.56,full,3230.27,1.2899999999999636
wbs_20260605,t016,studio_transition,3296.71,full,3295.46,1.25
wbs_20260610,t001,program_edge,34.71,full,34.0,0.7100000000000009
wbs_20260610,t002,studio_transition,151.62,full,151.0,0.6200000000000045
wbs_20260610,t003,studio_transition,556.24,full,553.12,3.1200000000000045
wbs_20260610,t004,studio_transition,711.8,full,713.0,1.2000000000000455
wbs_20260610,t005,studio_transition,1173.63,full,1173.0,0.6300000000001091
wbs_20260610,t006,vtr_transition,1223.99,full,1226.0,2.009999999999991
wbs_20260610,t007,vtr_transition,1264.28,full,1263.0,1.2799999999999727
wbs_20260610,t008,vtr_transition,1306.73,full,1320.0,13.269999999999982
wbs_20260610,t009,cm_adjacent,1571.89,full,1574.51,2.619999999999891
wbs_20260610,t010,cm_adjacent,1931.01,full,1803.3,127.71000000000004
wbs_20260610,t011,cm_adjacent,2479.36,full,2351.68,127.68000000000029
wbs_20260610,t012,bumper_transition,2911.16,full,2905.67,5.489999999999782
wbs_20260610,t013,cm_adjacent,2947.54,full,2943.61,3.9299999999998363
wbs_20260610,t014,cm_adjacent,3214.8,full,3214.79,0.010000000000218279
wbs_20260610,t015,vtr_transition,3264.52,full,3264.0,0.5199999999999818
wbs_20260610,t016,studio_transition,3306.69,full,3306.0,0.6900000000000546
wbs_20260616,t001,program_edge,34.23,full,27.96,6.269999999999996
wbs_20260616,t002,studio_transition,323.08,full,324.45,1.3700000000000045
wbs_20260616,t003,studio_transition,1006.78,full,1003.47,3.3099999999999454
wbs_20260616,t004,studio_transition,1335.08,full,1331.66,3.4199999999998454
wbs_20260616,t005,studio_transition,1615.74,full,1620.0,4.259999999999991
wbs_20260616,t006,vtr_transition,1686.54,full,1680.0,6.539999999999964
wbs_20260616,t007,vtr_transition,1717.28,full,1717.0,0.2799999999999727
wbs_20260616,t008,vtr_transition,1753.05,full,1740.0,13.049999999999955
wbs_20260616,t009,vtr_transition,1778.97,full,1800.0,21.029999999999973
wbs_20260616,t010,cm_adjacent,2015.26,full,2015.75,0.4900000000000091
wbs_20260616,t011,cm_adjacent,2705.0,full,2703.7,1.300000000000182
wbs_20260616,t012,bumper_transition,2744.84,full,2760.0,15.159999999999854
wbs_20260616,t013,bumper_transition,2770.51,full,2769.0,1.5100000000002183
wbs_20260616,t014,cm_adjacent,2925.49,full,2928.0,2.5100000000002183
wbs_20260616,t015,cm_adjacent,3249.89,full,3250.2,0.30999999999994543
wbs_20260616,t016,vtr_transition,3303.06,full,3300.0,3.0599999999999454
wbs_20260616,t017,studio_transition,3334.5,full,3332.96,1.5399999999999636
wbs_20260622,t001,program_edge,35.08,full,28.43,6.649999999999999
wbs_20260622,t002,studio_transition,551.68,full,550.28,1.3999999999999773
wbs_20260622,t003,studio_transition,893.31,full,896.0,2.6900000000000546
wbs_20260622,t004,studio_transition,1327.57,full,1327.0,0.5699999999999363
wbs_20260622,t005,vtr_transition,1378.32,full,1380.0,1.6800000000000637
wbs_20260622,t006,studio_transition,1412.2,full,1411.0,1.2000000000000455
wbs_20260622,t007,studio_transition,1531.21,full,1530.0,1.2100000000000364
wbs_20260622,t008,cm_adjacent,1766.59,full,1766.0,0.5899999999999181
wbs_20260622,t009,cm_adjacent,2548.25,full,2400.0,148.25
wbs_20260622,t010,cm_adjacent,2845.27,full,2843.99,1.2800000000002
wbs_20260622,t011,bumper_transition,2883.46,full,2880.0,3.4600000000000364
wbs_20260622,t012,bumper_transition,2911.11,full,2914.0,2.8899999999998727
wbs_20260622,t013,bumper_transition,2940.13,full,2940.0,0.13000000000010914
wbs_20260622,t014,studio_transition,2969.06,full,2967.26,1.7999999999997272
wbs_20260622,t015,cm_adjacent,3235.07,full,3233.82,1.25
wbs_20260622,t016,vtr_transition,3265.04,full,3267.3,2.2600000000002183
wbs_20260622,t017,studio_transition,3309.07,full,3318.0,8.929999999999836
wbs_20260625,t001,program_edge,36.69,full,37.0,0.3100000000000023
wbs_20260625,t002,studio_transition,427.42,full,423.96,3.4600000000000364
wbs_20260625,t003,studio_transition,864.26,full,864.0,0.2599999999999909
wbs_20260625,t004,studio_transition,1293.87,full,1296.0,2.130000000000109
wbs_20260625,t005,vtr_transition,1338.21,full,1320.0,18.210000000000036
wbs_20260625,t006,vtr_transition,1370.46,full,1370.0,0.4600000000000364
wbs_20260625,t007,vtr_transition,1400.89,full,1380.0,20.8900000000001
wbs_20260625,t008,vtr_transition,1437.33,full,1436.0,1.3299999999999272
wbs_20260625,t009,cm_adjacent,1609.45,full,1608.0,1.4500000000000455
wbs_20260625,t010,studio_transition,1997.02,full,1993.0,4.019999999999982
wbs_20260625,t011,cm_adjacent,2172.53,full,2170.74,1.7900000000004184
wbs_20260625,t012,cm_adjacent,2528.38,full,2529.22,0.8399999999996908
wbs_20260625,t013,cm_adjacent,2880.74,full,2879.85,0.8899999999998727
wbs_20260625,t014,bumper_transition,2921.08,full,2940.0,18.920000000000073
wbs_20260625,t015,bumper_transition,2946.78,full,2940.0,6.7800000000002
wbs_20260625,t016,bumper_transition,2972.61,full,2980.0,7.389999999999873
wbs_20260625,t017,cm_adjacent,3241.8,full,3240.0,1.800000000000182
wbs_20260625,t018,studio_transition,3298.43,full,3300.61,2.180000000000291
