group,metric,n_programs,mean,standard_deviation,ci95_low,ci95_high
all,topic_count_error,20,4.2,3.122077580883062,2.9487500000000004,5.5
all,match_rate,20,0.7320953311394487,0.1729761106283023,0.6592470383986928,0.8063145032427155
all,mean_iou_matched,20,0.6577951665685989,0.06497841623235881,0.6316421447271486,0.6848822177828144
all,onset_mae_sec,20,48.73963576839827,20.93872229833014,40.25326121257216,57.99525167478355
all,offset_mae_sec,20,44.29854041827201,25.68551884150228,33.945185928054435,55.19010390651627
all,bf1_5,20,0.1663433766955935,0.12487059987168522,0.11855553370726298,0.2251908346137885
all,bf1_30,20,0.6151827452769262,0.10235320728289443,0.5723185554130192,0.6566105567567898
all,pk,20,0.2940908957656052,0.06088696410299851,0.27016552622404333,0.32404041667848804
all,window_diff,20,0.35559510833791663,0.06245534764724236,0.3313027569557203,0.38587948805829597
news7,topic_count_error,10,2.7,2.9832867780352594,1.2,4.6
news7,match_rate,10,0.8659226884226884,0.10395031055924454,0.8042029914529915,0.9253535353535354
news7,mean_iou_matched,10,0.6867821124798997,0.05511249166453477,0.6554259829454732,0.719461849477446
news7,onset_mae_sec,10,40.23956865079364,14.60335970618983,31.830378978174586,48.481121309523814
news7,offset_mae_sec,10,41.87846857103175,22.126491412490882,29.724290476468244,55.63452059724208
news7,bf1_5,10,0.1835349143610013,0.15789756898762186,0.09697743741765483,0.28872252964426875
news7,bf1_30,10,0.6843820816864296,0.08753285631062459,0.6353550724637681,0.7341818181818182
news7,pk,10,0.31106259379127077,0.07453870413543505,0.2724294762341869,0.35806152279070425
news7,window_diff,10,0.34533161398707224,0.08046199586261556,0.300721852066653,0.39459043218529066
wbs,topic_count_error,10,5.7,2.5841396591085743,4.2,7.202499999999998
wbs,match_rate,10,0.5982679738562092,0.11207523632572844,0.534937478500172,0.6648129299965599
wbs,mean_iou_matched,10,0.6288082206572981,0.06331609909607287,0.5946440945030653,0.6683747867459555
wbs,onset_mae_sec,10,57.239702886002895,23.489538772715594,44.81714366883118,71.31589138888889
wbs,offset_mae_sec,10,46.71861226551228,29.83622356582089,29.26439495310247,65.53688414502165
wbs,bf1_5,10,0.14915183903018572,0.08561211463996975,0.10141696988873068,0.19851008426626465
wbs,bf1_30,10,0.5459834088674229,0.06175078063872529,0.5122283331937426,0.5827007314553729
wbs,pk,10,0.2771191977399396,0.040376408335561234,0.25242128802043795,0.3003787316559231
wbs,window_diff,10,0.3658586026887611,0.03907081493258071,0.3452057429398339,0.3909774747931754
