program_id,broadcaster,n_ground_truth,n_prediction,topic_count_error,match_rate,mean_iou_matched,onset_mae_sec,offset_mae_sec,bf1_5,bf1_30,pk,window_diff
news7_20260507,news7,9,11,2,0.8888888888888888,0.7725822750504512,24.703749999999975,45.964284624999976,0.5454545454545454,0.7272727272727272,0.2899884925201381,0.32105868814729577
news7_20260517,news7,13,12,1,0.6923076923076923,0.6044343765461514,25.785555555555575,59.734360444444484,0.0,0.6666666666666666,0.34167140420693576,0.37293916998294485
news7_20260522,news7,11,12,1,0.9090909090909091,0.6522031442640992,32.034000000000006,40.75962450000001,0.32,0.64,0.32210165619645914,0.3472301541976014
news7_20260526,news7,8,13,5,1.0,0.7343088663945462,21.582499999999975,54.188455499999975,0.08695652173913043,0.6956521739130435,0.2943898207056102,0.32041642567958356
news7_20260601,news7,9,11,2,0.7777777777777778,0.6701222759525495,51.67714285714286,35.019235000000016,0.17391304347826086,0.6086956521739131,0.3228211009174312,0.4168577981651376
news7_20260605,news7,8,12,4,0.875,0.7259063018331356,51.968571428571416,25.31663957142857,0.09090909090909093,0.7272727272727274,0.30364372469635625,0.3342972816657027
news7_20260614,news7,11,10,1,0.7272727272727273,0.6563839262613564,62.32625000000001,19.525801500000014,0.2608695652173913,0.6956521739130435,0.2611428571428571,0.2805714285714286
news7_20260619,news7,10,11,1,0.9,0.7451244021368643,33.759999999999984,13.099793777777762,0.17391304347826086,0.7826086956521738,0.2,0.24240687679083095
news7_20260622,news7,9,9,0,0.8888888888888888,0.6795630967064452,42.49624999999998,36.027622124999965,0.10000000000000002,0.8000000000000002,0.2836593785960875,0.2899884925201381
news7_20260627,news7,6,16,10,1.0,0.6271924596533984,56.06166666666669,89.1488686666667,0.08333333333333333,0.5,0.4912075029308324,0.5275498241500586
wbs_20260507,wbs,17,26,9,0.5882352941176471,0.6441767966458855,58.455999999999996,25.188000000000034,0.15686274509803924,0.5490196078431373,0.3040816326530612,0.3944606413994169
wbs_20260514,wbs,19,29,10,0.5263157894736842,0.6128916474877799,71.50099999999999,29.623000000000026,0.14285714285714288,0.5,0.35244470314318976,0.44412107101280557
wbs_20260522,wbs,15,21,6,0.5333333333333333,0.5770080965040616,49.334999999999994,94.385,0.046511627906976744,0.5116279069767442,0.2789473684210526,0.3845029239766082
wbs_20260527,wbs,17,24,7,0.8235294117647058,0.6676611908662403,28.662857142857195,21.69214285714283,0.12244897959183673,0.6530612244897959,0.22419825072886299,0.32886297376093293
wbs_20260601,wbs,19,23,4,0.47368421052631576,0.5645165425000165,91.3988888888889,27.938888888888968,0.24489795918367346,0.5306122448979592,0.234488785318963,0.3282842994465482
wbs_20260605,wbs,16,20,4,0.5625,0.5521087133341686,95.27555555555551,98.26000000000005,0.18604651162790697,0.46511627906976744,0.32408759124087594,0.39795620437956203
wbs_20260610,wbs,16,21,5,0.6875,0.6646022493205394,45.05000000000005,41.39909090909091,0.17777777777777776,0.5777777777777778,0.25824336154070615,0.3376130726583017
wbs_20260616,wbs,17,23,6,0.7058823529411765,0.6169042421794291,45.164999999999985,47.26499999999995,0.2916666666666667,0.625,0.2618075801749271,0.356268221574344
wbs_20260622,wbs,17,18,1,0.47058823529411764,0.618504867360584,61.26000000000001,65.69499999999995,0.0,0.47619047619047616,0.28413068844807465,0.36231038506417734
wbs_20260625,wbs,18,23,5,0.6111111111111112,0.7697078603742772,26.292727272727326,15.74000000000003,0.12244897959183673,0.5714285714285714,0.24876201572968248,0.3242062336149141
