program_id,series,nominal_duration_min,elapsed_sec
news7_20260507,news7,30,1659.6
news7_20260517,news7,30,2091.6
news7_20260522,news7,30,1513.3
news7_20260526,news7,30,1548.6
news7_20260601,news7,30,1600.6
news7_20260605,news7,30,1510.6
news7_20260614,news7,30,1533.8
news7_20260619,news7,30,1434.3
news7_20260622,news7,30,1524.1
news7_20260627,news7,30,1658.3
wbs_20260507,wbs,60,2939.1
wbs_20260514,wbs,60,2714.1
wbs_20260522,wbs,60,2483.1
wbs_20260527,wbs,60,2722.8
wbs_20260601,wbs,60,2715.0
wbs_20260605,wbs,60,2521.5
wbs_20260610,wbs,60,2696.1
wbs_20260616,wbs,60,2746.5
wbs_20260622,wbs,60,2595.9
wbs_20260625,wbs,60,2618.7
