condition,group,metric,scope,parameter,n_programs,mean,ci95_low,ci95_high
full,all,boundary_f1,standard,30.0,20,0.881108068233536,0.8368640835125979,0.9160440699651368
full,all,boundary_f1,standard,5.0,20,0.6777859180615015,0.6177650365448955,0.7312898770096508
full,all,internal_boundary_f1,standard,30.0,20,0.8717068596330646,0.8275282409957788,0.9126903624310261
full,all,internal_boundary_f1,standard,5.0,20,0.6628505338021959,0.6007039771100632,0.7176910656663039
full,all,matched_iou,editorial_masked,0.1,20,0.8715332129826365,0.8468451905135247,0.896674575407951
full,all,matched_iou,editorial_masked,0.3,20,0.8914599329823183,0.8706827835526341,0.9101647523942898
full,all,matched_iou,editorial_masked,0.5,20,0.9052999791188847,0.8900778557673722,0.9198226390845838
full,all,matched_iou,standard,0.1,20,0.8386153813301289,0.8046408680502523,0.867921037561569
full,all,matched_iou,standard,0.3,20,0.8580191697451776,0.8308391974937414,0.8851186555002195
full,all,matched_iou,standard,0.5,20,0.8758988590799849,0.8520749424813713,0.8981585333734415
full,all,pk,standard,,20,0.0740742012857497,0.050564141146573795,0.10654876066606014
full,all,segment_f1,editorial_masked,0.1,20,0.9431053749200202,0.8973898801490907,0.9770346033003355
full,all,segment_f1,editorial_masked,0.3,20,0.9180128848937066,0.8618879480942173,0.9600417182016321
full,all,segment_f1,editorial_masked,0.5,20,0.8935503409017509,0.8337006625525504,0.9425925026558166
full,all,segment_f1,standard,0.1,20,0.9415902234048688,0.899380548849828,0.9755478684168616
full,all,segment_f1,standard,0.3,20,0.916592430348252,0.8686934403569988,0.9608787227134747
full,all,segment_f1,standard,0.5,20,0.8809896866866849,0.8177602549624289,0.929944419946052
full,all,segment_precision,editorial_masked,0.1,20,0.910795020038441,0.8475002440907047,0.9653560606060606
full,all,segment_precision,editorial_masked,0.3,20,0.8874932809278784,0.8167553467290793,0.9431859867052881
full,all,segment_precision,editorial_masked,0.5,20,0.8642622371608437,0.7929015734115387,0.9230944291615247
full,all,segment_precision,standard,0.1,20,0.9078538435678528,0.8446187388140753,0.9618514322794508
full,all,segment_precision,standard,0.3,20,0.884735927986702,0.8138809787563657,0.9423550833411513
full,all,segment_precision,standard,0.5,20,0.850654351023933,0.7781714603765688,0.9089326258536785
full,all,segment_recall,editorial_masked,0.1,20,0.9884868421052632,0.9733552631578947,1.0
full,all,segment_recall,editorial_masked,0.3,20,0.9603507012852986,0.9323146079604089,0.9834252890749601
full,all,segment_recall,editorial_masked,0.5,20,0.9339383279689006,0.89718058829393,0.9663242354856615
full,all,segment_recall,standard,0.1,20,0.9884868421052632,0.9733552631578947,1.0
full,all,segment_recall,standard,0.3,20,0.9603507012852986,0.9312913578509554,0.9859105983402133
full,all,segment_recall,standard,0.5,20,0.9224832196097676,0.8840679629108423,0.9582762439605029
full,all,topic_count_error,standard,,20,1.15,0.5,2.05
full,all,window_diff,standard,,20,0.13030872392950352,0.09890807979616731,0.16197635787279155
full,news7,boundary_f1,standard,30.0,10,0.8729378543051707,0.7944841468154811,0.9414151757454605
full,news7,boundary_f1,standard,5.0,10,0.709027688176114,0.5925576343141559,0.8084167618211097
full,news7,internal_boundary_f1,standard,30.0,10,0.8535719007664089,0.7746757763975155,0.9283137227125785
full,news7,internal_boundary_f1,standard,5.0,10,0.6769318125974472,0.5581131237183868,0.7735536825575524
full,news7,matched_iou,editorial_masked,0.1,10,0.8808274958544444,0.8440784035037885,0.9159407970983174
full,news7,matched_iou,editorial_masked,0.3,10,0.9057063515441609,0.8871952054792847,0.927519338209789
full,news7,matched_iou,editorial_masked,0.5,10,0.9161200597665559,0.8971852335882898,0.935500373309765
full,news7,matched_iou,standard,0.1,10,0.8786895395270721,0.8443955721395959,0.9137429654102697
full,news7,matched_iou,standard,0.3,10,0.9034702466904376,0.8846710804925105,0.9228155610442054
full,news7,matched_iou,standard,0.5,10,0.9138004871248537,0.8936474275461069,0.9340971827968584
full,news7,pk,standard,,10,0.08392855223887871,0.043488928648072106,0.13944499737441257
full,news7,segment_f1,editorial_masked,0.1,10,0.9100080636373542,0.8275156151247683,0.9761904761904763
full,news7,segment_f1,editorial_masked,0.3,10,0.8833933450226356,0.7880513685399269,0.9636548882086639
full,news7,segment_f1,editorial_masked,0.5,10,0.8677010373303281,0.7654543988429572,0.9527087976859143
full,news7,segment_f1,standard,0.1,10,0.9100080636373542,0.8333502015909339,0.9765173804075407
full,news7,segment_f1,standard,0.3,10,0.8833933450226356,0.7760103896103897,0.9583860342555994
full,news7,segment_f1,standard,0.5,10,0.8677010373303281,0.7638401449808773,0.9516444272737178
full,news7,segment_precision,editorial_masked,0.1,10,0.8576719114219115,0.7403452797202796,0.9559280303030302
full,news7,segment_precision,editorial_masked,0.3,10,0.8346386946386947,0.7093546037296038,0.9400416666666667
full,news7,segment_precision,editorial_masked,0.5,10,0.820696386946387,0.6818440413752913,0.9277622377622378
full,news7,segment_precision,standard,0.1,10,0.8576719114219115,0.7524801136363635,0.9550037878787879
full,news7,segment_precision,standard,0.3,10,0.8346386946386947,0.7102569930069931,0.9386553030303029
full,news7,segment_precision,standard,0.5,10,0.820696386946387,0.6758449883449884,0.9338939393939392
full,news7,segment_recall,editorial_masked,0.1,10,0.9875,0.9625,1.0
full,news7,segment_recall,editorial_masked,0.3,10,0.9547979797979798,0.9027209595959598,1.0
full,news7,segment_recall,editorial_masked,0.5,10,0.935994560994561,0.8747537878787878,0.9832167832167833
full,news7,segment_recall,standard,0.1,10,0.9875,0.9625,1.0
full,news7,segment_recall,standard,0.3,10,0.9547979797979798,0.9047979797979797,0.990909090909091
full,news7,segment_recall,standard,0.5,10,0.935994560994561,0.8769036519036518,0.9846153846153847
full,news7,topic_count_error,standard,,10,1.7,0.4,3.2
full,news7,window_diff,standard,,10,0.1351367477760966,0.07880932298033229,0.1966931015880068
full,wbs,boundary_f1,standard,30.0,10,0.8892782821619012,0.8592988148006085,0.9229773482993712
full,wbs,boundary_f1,standard,5.0,10,0.6465441479468889,0.6100238168858866,0.6816074001399438
full,wbs,internal_boundary_f1,standard,30.0,10,0.8898418184997203,0.8563036461825045,0.9203250594150253
full,wbs,internal_boundary_f1,standard,5.0,10,0.6487692550069445,0.6174694841557601,0.6791622636560547
full,wbs,matched_iou,editorial_masked,0.1,10,0.8622389301108283,0.8238020572344122,0.9020303527068801
full,wbs,matched_iou,editorial_masked,0.3,10,0.8772135144204759,0.8476223413040112,0.9071975893407563
full,wbs,matched_iou,editorial_masked,0.5,10,0.8944798984712135,0.8755953762875932,0.9153847589158371
full,wbs,matched_iou,standard,0.1,10,0.7985412231331857,0.75884294045282,0.8358105448281525
full,wbs,matched_iou,standard,0.3,10,0.8125680927999174,0.7849467322702195,0.840645724342594
full,wbs,matched_iou,standard,0.5,10,0.837997231035116,0.8133580378542523,0.8604253074895901
full,wbs,pk,standard,,10,0.0642198503326207,0.04905712633033983,0.07896665934459506
full,wbs,segment_f1,editorial_masked,0.1,10,0.9762026862026862,0.9552625152625153,0.9944444444444445
full,wbs,segment_f1,editorial_masked,0.3,10,0.9526324247647777,0.9282847648674855,0.9769683998599439
full,wbs,segment_f1,editorial_masked,0.5,10,0.919399644473174,0.8762443438914028,0.9624100274725276
full,wbs,segment_f1,standard,0.1,10,0.9731723831723832,0.9526192973692973,0.9892817182817182
full,wbs,segment_f1,standard,0.3,10,0.9497915156738687,0.9269156986804046,0.9740663780663781
full,wbs,segment_f1,standard,0.5,10,0.894278336043042,0.8477925750719867,0.9403424810483635
full,wbs,segment_precision,editorial_masked,0.1,10,0.9639181286549707,0.9339181286549708,0.99
full,wbs,segment_precision,editorial_masked,0.3,10,0.9403478672170623,0.9135910087719298,0.9681986476608186
full,wbs,segment_precision,editorial_masked,0.5,10,0.9078280873753011,0.8581686339009288,0.9531862745098041
full,wbs,segment_precision,standard,0.1,10,0.9580357757137943,0.9284064327485381,0.9841176470588235
full,wbs,segment_precision,standard,0.3,10,0.9348331613347094,0.9073856209150326,0.9660245098039216
full,wbs,segment_precision,standard,0.5,10,0.8806123151014793,0.8310994152046783,0.9283666150670795
full,wbs,segment_recall,editorial_masked,0.1,10,0.9894736842105264,0.9736842105263157,1.0
full,wbs,segment_recall,editorial_masked,0.3,10,0.9659034227726178,0.9378052975576197,0.9884868421052632
full,wbs,segment_recall,editorial_masked,0.5,10,0.9318820949432405,0.8872873129514964,0.9715721749226007
full,wbs,segment_recall,standard,0.1,10,0.9894736842105264,0.9736842105263157,1.0
full,wbs,segment_recall,standard,0.3,10,0.9659034227726178,0.9416324281905745,0.9891812865497076
full,wbs,segment_recall,standard,0.5,10,0.9089718782249742,0.868764351135191,0.9495356037151703
full,wbs,topic_count_error,standard,,10,0.6,0.2,1.0
full,wbs,window_diff,standard,,10,0.12548070008291043,0.10812164761100132,0.14241513605172676
chapter_llama,all,boundary_f1,standard,30.0,20,0.6250488895286385,0.5336950648657425,0.712731753752382
chapter_llama,all,boundary_f1,standard,5.0,20,0.442438080299853,0.36779414699605134,0.5105032392191338
chapter_llama,all,internal_boundary_f1,standard,30.0,20,0.6020915922966057,0.5058378813281074,0.6910056334875148
chapter_llama,all,internal_boundary_f1,standard,5.0,20,0.4643124443977104,0.39202014706356514,0.5403718854139388
chapter_llama,all,matched_iou,editorial_masked,0.1,20,0.7718579779163925,0.6940690271315787,0.8314157706711197
chapter_llama,all,matched_iou,editorial_masked,0.3,20,0.8062678070848548,0.7437831826395315,0.8516193967168358
chapter_llama,all,matched_iou,editorial_masked,0.5,20,0.8384045029335198,0.7311659959628926,0.9086629212306385
chapter_llama,all,matched_iou,standard,0.1,20,0.734816382472274,0.6627078590911631,0.7921994531524018
chapter_llama,all,matched_iou,standard,0.3,20,0.7751924843184159,0.7181415647567659,0.8235872001286086
chapter_llama,all,matched_iou,standard,0.5,20,0.8131078627170221,0.7170196847924925,0.8738357076652782
chapter_llama,all,pk,standard,,20,0.29092993309144044,0.2180934756885664,0.3706756561817569
chapter_llama,all,segment_f1,editorial_masked,0.1,20,0.6852516892755615,0.5772056394140401,0.7817372214140711
chapter_llama,all,segment_f1,editorial_masked,0.3,20,0.6562557494393924,0.5359407326666455,0.7657014042768533
chapter_llama,all,segment_f1,editorial_masked,0.5,20,0.5869120283475274,0.46772299106782733,0.6973944955789806
chapter_llama,all,segment_f1,standard,0.1,20,0.6210610825150014,0.5200070664743818,0.7240427548325822
chapter_llama,all,segment_f1,standard,0.3,20,0.5837762619983276,0.4749038771302559,0.694276776199175
chapter_llama,all,segment_f1,standard,0.5,20,0.5101896809520214,0.39432910502241625,0.6166442361533335
chapter_llama,all,segment_precision,editorial_masked,0.1,20,0.6506567059956266,0.5216360084628748,0.7604210745238487
chapter_llama,all,segment_precision,editorial_masked,0.3,20,0.6255397278382977,0.4880202741109873,0.7551596378466652
chapter_llama,all,segment_precision,editorial_masked,0.5,20,0.5561467857063395,0.44238159813058264,0.6706132356544596
chapter_llama,all,segment_precision,standard,0.1,20,0.552253285159351,0.43388309649838136,0.6598436395458919
chapter_llama,all,segment_precision,standard,0.3,20,0.5224184715004226,0.3994928380350499,0.6357910310435853
chapter_llama,all,segment_precision,standard,0.5,20,0.45493294432075626,0.34433246693413094,0.5617236375400033
chapter_llama,all,segment_recall,editorial_masked,0.1,20,0.8597674395178265,0.7556240293128355,0.946821554321796
chapter_llama,all,segment_recall,editorial_masked,0.3,20,0.7898792386234337,0.6759053570053957,0.8937121913120849
chapter_llama,all,segment_recall,editorial_masked,0.5,20,0.6936458611477961,0.5678954741884793,0.8113550188040803
chapter_llama,all,segment_recall,standard,0.1,20,0.8534929297139049,0.7407447185973213,0.9444343546353029
chapter_llama,all,segment_recall,standard,0.3,20,0.7721741302643006,0.654222415946197,0.8783810538554152
chapter_llama,all,segment_recall,standard,0.5,20,0.662017464174972,0.5376930142172498,0.7810709748037049
chapter_llama,all,topic_count_error,standard,,20,17.65,9.1975,26.951249999999998
chapter_llama,all,window_diff,standard,,20,0.37266929472070887,0.2716438985297144,0.49425199693044874
chapter_llama,news7,boundary_f1,standard,30.0,10,0.7186153821478392,0.5753752101829044,0.8329391660970608
chapter_llama,news7,boundary_f1,standard,5.0,10,0.46736552523590025,0.3713145382084122,0.566077332368354
chapter_llama,news7,internal_boundary_f1,standard,30.0,10,0.6799418763270582,0.523186808298637,0.8053189091728645
chapter_llama,news7,internal_boundary_f1,standard,5.0,10,0.5044618991082574,0.3934431277481759,0.6100348447961046
chapter_llama,news7,matched_iou,editorial_masked,0.1,10,0.7553920251961034,0.6187472196790761,0.8503054625871711
chapter_llama,news7,matched_iou,editorial_masked,0.3,10,0.7872864353580273,0.6854157813633677,0.8539621208365596
chapter_llama,news7,matched_iou,editorial_masked,0.5,10,0.7946450440570174,0.6012427635160915,0.9091606711190474
chapter_llama,news7,matched_iou,standard,0.1,10,0.7403284685657703,0.6100045749111574,0.8306335769923722
chapter_llama,news7,matched_iou,standard,0.3,10,0.7718971517284067,0.6796216715633133,0.8409356106861843
chapter_llama,news7,matched_iou,standard,0.5,10,0.7773260394305244,0.5928328970387147,0.8849069323963534
chapter_llama,news7,pk,standard,,10,0.2809837990845991,0.17957472682506953,0.4098037522163071
chapter_llama,news7,segment_f1,editorial_masked,0.1,10,0.7276871899972019,0.5615318886091822,0.8656307799860182
chapter_llama,news7,segment_f1,editorial_masked,0.3,10,0.6964355602709958,0.5029574131977517,0.8423882702486769
chapter_llama,news7,segment_f1,editorial_masked,0.5,10,0.6163318167151933,0.4366516259631709,0.767764484295416
chapter_llama,news7,segment_f1,standard,0.1,10,0.7276871899972019,0.5709428505980035,0.8616311544991513
chapter_llama,news7,segment_f1,standard,0.3,10,0.6964355602709958,0.5213452797014143,0.8495647408369121
chapter_llama,news7,segment_f1,standard,0.5,10,0.6163318167151933,0.4295629443742366,0.7561917569659444
chapter_llama,news7,segment_precision,editorial_masked,0.1,10,0.6593794144035479,0.46405414073031453,0.8192099567099566
chapter_llama,news7,segment_precision,editorial_masked,0.3,10,0.6380901727106203,0.4512540293551703,0.8038852813852811
chapter_llama,news7,segment_precision,editorial_masked,0.5,10,0.5662298231484278,0.37285252860834256,0.7298841907446558
chapter_llama,news7,segment_precision,standard,0.1,10,0.6593794144035479,0.47067763449071054,0.8234619782732989
chapter_llama,news7,segment_precision,standard,0.3,10,0.6380901727106203,0.44600319942355926,0.8092270713782341
chapter_llama,news7,segment_precision,standard,0.5,10,0.5662298231484278,0.3853961542333635,0.7317552308802309
chapter_llama,news7,segment_recall,editorial_masked,0.1,10,0.952534965034965,0.890909090909091,0.9924999999999998
chapter_llama,news7,segment_recall,editorial_masked,0.3,10,0.8525349650349652,0.7154800407925408,0.95758547008547
chapter_llama,news7,segment_recall,editorial_masked,0.5,10,0.7309032634032635,0.5423937937062938,0.8699638694638693
chapter_llama,news7,segment_recall,standard,0.1,10,0.952534965034965,0.895056818181818,1.0
chapter_llama,news7,segment_recall,standard,0.3,10,0.8525349650349652,0.7181565656565656,0.95758547008547
chapter_llama,news7,segment_recall,standard,0.5,10,0.7309032634032635,0.5356155303030302,0.8767574300699302
chapter_llama,news7,topic_count_error,standard,,10,10.8,2.8975,21.004999999999995
chapter_llama,news7,window_diff,standard,,10,0.35048941866979866,0.19456733919724564,0.5493317381448127
chapter_llama,wbs,boundary_f1,standard,30.0,10,0.531482396909438,0.4498185121313019,0.6241979272382697
chapter_llama,wbs,boundary_f1,standard,5.0,10,0.4175106353638059,0.32015480347485376,0.5131212873784745
chapter_llama,wbs,internal_boundary_f1,standard,30.0,10,0.5242413082661529,0.42986045283219193,0.6181209607737558
chapter_llama,wbs,internal_boundary_f1,standard,5.0,10,0.42416298968716326,0.3203667597082635,0.5287698500967831
chapter_llama,wbs,matched_iou,editorial_masked,0.1,10,0.7883239306366818,0.7035389199649156,0.8597884066355885
chapter_llama,wbs,matched_iou,editorial_masked,0.3,10,0.8252491788116825,0.7493922193874384,0.8823906756843298
chapter_llama,wbs,matched_iou,editorial_masked,0.5,10,0.8821639618100224,0.8198816950872763,0.9345875185567958
chapter_llama,wbs,matched_iou,standard,0.1,10,0.7293042963787777,0.6630607787042301,0.7914184803290502
chapter_llama,wbs,matched_iou,standard,0.3,10,0.7784878169084253,0.7152868036487449,0.8340968299633434
chapter_llama,wbs,matched_iou,standard,0.5,10,0.8488896860035198,0.7981113216619583,0.8889570596917364
chapter_llama,wbs,pk,standard,,10,0.3008760670982818,0.22139146807901947,0.39837746511236505
chapter_llama,wbs,segment_f1,editorial_masked,0.1,10,0.6428161885539211,0.4862728100091076,0.7655583696820495
chapter_llama,wbs,segment_f1,editorial_masked,0.3,10,0.6160759386077889,0.4691906158254001,0.7578658318106545
chapter_llama,wbs,segment_f1,editorial_masked,0.5,10,0.5574922399798612,0.38915023051660985,0.7190280865703813
chapter_llama,wbs,segment_f1,standard,0.1,10,0.5144349750328011,0.3950482720007177,0.6165991591888331
chapter_llama,wbs,segment_f1,standard,0.3,10,0.4711169637256593,0.364561425061425,0.5745375494071145
chapter_llama,wbs,segment_f1,standard,0.5,10,0.4040475451888496,0.2939755523804437,0.5153541416720765
chapter_llama,wbs,segment_precision,editorial_masked,0.1,10,0.6419339975877053,0.475564354696142,0.7986762844273071
chapter_llama,wbs,segment_precision,editorial_masked,0.3,10,0.6129892829659752,0.4419454591270727,0.7660001492760112
chapter_llama,wbs,segment_precision,editorial_masked,0.5,10,0.546063748264251,0.3940431654967384,0.6886430589184828
chapter_llama,wbs,segment_precision,standard,0.1,10,0.4451271559151543,0.3296982264900003,0.5399049370939109
chapter_llama,wbs,segment_precision,standard,0.3,10,0.406746770290225,0.3125068410037162,0.499296779136314
chapter_llama,wbs,segment_precision,standard,0.5,10,0.3436360654930847,0.2544113126295931,0.42217871935731005
chapter_llama,wbs,segment_recall,editorial_masked,0.1,10,0.766999914000688,0.5829721362229103,0.9198323013415892
chapter_llama,wbs,segment_recall,editorial_masked,0.3,10,0.7272235122119023,0.5468201754385965,0.8913506191950464
chapter_llama,wbs,segment_recall,editorial_masked,0.5,10,0.6563884588923289,0.46200334322325426,0.833170525885793
chapter_llama,wbs,segment_recall,standard,0.1,10,0.7544508943928449,0.5695602102683178,0.9201837697798416
chapter_llama,wbs,segment_recall,standard,0.3,10,0.6918132954936361,0.5232405508255934,0.8490006234950119
chapter_llama,wbs,segment_recall,standard,0.5,10,0.5931316649466803,0.41416182920536637,0.7628860509115927
chapter_llama,wbs,topic_count_error,standard,,10,24.5,11.795000000000002,40.5025
chapter_llama,wbs,window_diff,standard,,10,0.3948491707716192,0.291462073985634,0.5198372501645346
chapter_llama_captions_asr,all,boundary_f1,standard,30.0,20,0.7555999330005295,0.6963506118729876,0.814096625754328
chapter_llama_captions_asr,all,boundary_f1,standard,5.0,20,0.54133855791135,0.49393210651345654,0.5842658139033219
chapter_llama_captions_asr,all,internal_boundary_f1,standard,30.0,20,0.743555345001061,0.6833158435586059,0.7998203191913323
chapter_llama_captions_asr,all,internal_boundary_f1,standard,5.0,20,0.5666522093260709,0.5141054079659485,0.6183163929396133
chapter_llama_captions_asr,all,matched_iou,editorial_masked,0.1,20,0.8652169141662736,0.8392406943768919,0.8895605333165983
chapter_llama_captions_asr,all,matched_iou,editorial_masked,0.3,20,0.8739160665620842,0.8535798326818227,0.8939252394038361
chapter_llama_captions_asr,all,matched_iou,editorial_masked,0.5,20,0.8985981975036358,0.8779053539053152,0.9188449002058303
chapter_llama_captions_asr,all,matched_iou,standard,0.1,20,0.8106388295126775,0.776323643548268,0.8416416886027475
chapter_llama_captions_asr,all,matched_iou,standard,0.3,20,0.826349043046011,0.7992129808642142,0.8497504312452038
chapter_llama_captions_asr,all,matched_iou,standard,0.5,20,0.8566139078305103,0.8346297547785344,0.8794571544204901
chapter_llama_captions_asr,all,pk,standard,,20,0.17278203857443813,0.14948796375120954,0.1998786703319221
chapter_llama_captions_asr,all,segment_f1,editorial_masked,0.1,20,0.8409516184728778,0.7927980401658744,0.8864688670231328
chapter_llama_captions_asr,all,segment_f1,editorial_masked,0.3,20,0.8314997583814183,0.7762750542208405,0.8828480726852883
chapter_llama_captions_asr,all,segment_f1,editorial_masked,0.5,20,0.7947955960784914,0.7276335067216658,0.8539314398521892
chapter_llama_captions_asr,all,segment_f1,standard,0.1,20,0.7711699278484183,0.7086171397803153,0.8286810699364877
chapter_llama_captions_asr,all,segment_f1,standard,0.3,20,0.7517945092177813,0.6855638909516663,0.8180618318708756
chapter_llama_captions_asr,all,segment_f1,standard,0.5,20,0.7058598226708785,0.6231700348612196,0.7689604377806782
chapter_llama_captions_asr,all,segment_precision,editorial_masked,0.1,20,0.8126561012087328,0.756461038961039,0.8670362141513457
chapter_llama_captions_asr,all,segment_precision,editorial_masked,0.3,20,0.8020392180918497,0.7433841231867548,0.8605407932710565
chapter_llama_captions_asr,all,segment_precision,editorial_masked,0.5,20,0.7653637225347752,0.6992545544733045,0.8283846738057264
chapter_llama_captions_asr,all,segment_precision,standard,0.1,20,0.6973678187281128,0.6266240102150028,0.7671200538976275
chapter_llama_captions_asr,all,segment_precision,standard,0.3,20,0.6787355046913871,0.6071617510349129,0.7499953549310167
chapter_llama_captions_asr,all,segment_precision,standard,0.5,20,0.6352002042075571,0.5672571929704283,0.7123238928147015
chapter_llama_captions_asr,all,segment_recall,editorial_masked,0.1,20,0.8979538508447178,0.8249351897457549,0.9592819008584293
chapter_llama_captions_asr,all,segment_recall,editorial_masked,0.3,20,0.8891098965963516,0.8105744881086405,0.9511959496579272
chapter_llama_captions_asr,all,segment_recall,editorial_masked,0.5,20,0.8509910323164966,0.765753806033363,0.9216794878936423
chapter_llama_captions_asr,all,segment_recall,standard,0.1,20,0.8948288508447177,0.8265439803037521,0.9553781665638283
chapter_llama_captions_asr,all,segment_recall,standard,0.3,20,0.8743214549038851,0.7924694506989399,0.9400637227463371
chapter_llama_captions_asr,all,segment_recall,standard,0.5,20,0.824417459905076,0.7375675834313606,0.9069934454842542
chapter_llama_captions_asr,all,topic_count_error,standard,,20,5.05,2.64875,8.001249999999999
chapter_llama_captions_asr,all,window_diff,standard,,20,0.21706647234719534,0.18531634579714282,0.24725655774836264
chapter_llama_captions_asr,news7,boundary_f1,standard,30.0,10,0.8488520278717371,0.7779752412642351,0.9069911276440399
chapter_llama_captions_asr,news7,boundary_f1,standard,5.0,10,0.555325876112028,0.4700659256837747,0.6336608613575839
chapter_llama_captions_asr,news7,internal_boundary_f1,standard,30.0,10,0.8162161345133482,0.7311699346405228,0.8862200331488257
chapter_llama_captions_asr,news7,internal_boundary_f1,standard,5.0,10,0.593481207575484,0.5040317460317459,0.6863595744144735
chapter_llama_captions_asr,news7,matched_iou,editorial_masked,0.1,10,0.8654978120817562,0.8336313427854889,0.8938242896211783
chapter_llama_captions_asr,news7,matched_iou,editorial_masked,0.3,10,0.8654978120817562,0.832357697823647,0.8929273686204525
chapter_llama_captions_asr,news7,matched_iou,editorial_masked,0.5,10,0.8882384938417971,0.8495928572089665,0.9215452724157626
chapter_llama_captions_asr,news7,matched_iou,standard,0.1,10,0.8482616277227129,0.8200328711447958,0.8765522618363082
chapter_llama_captions_asr,news7,matched_iou,standard,0.3,10,0.8482616277227129,0.819697874823444,0.8744465379402492
chapter_llama_captions_asr,news7,matched_iou,standard,0.5,10,0.8699619600172607,0.8340627416291121,0.9015340642853591
chapter_llama_captions_asr,news7,pk,standard,,10,0.15973902314405167,0.1209907519088622,0.2058133866704968
chapter_llama_captions_asr,news7,segment_f1,editorial_masked,0.1,10,0.8625718793264433,0.8004033532953411,0.9175969887955181
chapter_llama_captions_asr,news7,segment_f1,editorial_masked,0.3,10,0.8625718793264433,0.8015918212112432,0.9161433078978718
chapter_llama_captions_asr,news7,segment_f1,editorial_masked,0.5,10,0.820445442544834,0.7534680527383367,0.8820012999452657
chapter_llama_captions_asr,news7,segment_f1,standard,0.1,10,0.8578935167533437,0.8014283058050806,0.9143607205132507
chapter_llama_captions_asr,news7,segment_f1,standard,0.3,10,0.8578935167533437,0.8035780043414825,0.9112889418017661
chapter_llama_captions_asr,news7,segment_f1,standard,0.5,10,0.8157670799717346,0.7479739206027238,0.8729425401739643
chapter_llama_captions_asr,news7,segment_precision,editorial_masked,0.1,10,0.791029526029526,0.7010050505050506,0.8747290209790208
chapter_llama_captions_asr,news7,segment_precision,editorial_masked,0.3,10,0.791029526029526,0.6932517482517483,0.8760345765345765
chapter_llama_captions_asr,news7,segment_precision,editorial_masked,0.5,10,0.7527719502719503,0.6576155303030303,0.8428058954933955
chapter_llama_captions_asr,news7,segment_precision,standard,0.1,10,0.7837567987567987,0.6896792929292929,0.8646658896658896
chapter_llama_captions_asr,news7,segment_precision,standard,0.3,10,0.7837567987567987,0.693188616938617,0.8668444055944056
chapter_llama_captions_asr,news7,segment_precision,standard,0.5,10,0.745499222999223,0.6560831876456876,0.8330814393939395
chapter_llama_captions_asr,news7,segment_recall,editorial_masked,0.1,10,0.9707167832167833,0.9414335664335665,1.0
chapter_llama_captions_asr,news7,segment_recall,editorial_masked,0.3,10,0.9707167832167833,0.9414335664335665,1.0
chapter_llama_captions_asr,news7,segment_recall,editorial_masked,0.5,10,0.9231099456099455,0.8774332750582752,0.9652777777777779
chapter_llama_captions_asr,news7,segment_recall,standard,0.1,10,0.9707167832167833,0.9414335664335665,1.0
chapter_llama_captions_asr,news7,segment_recall,standard,0.3,10,0.9707167832167833,0.9399344405594405,0.9923076923076923
chapter_llama_captions_asr,news7,segment_recall,standard,0.5,10,0.9231099456099455,0.8791807498057498,0.9658119658119657
chapter_llama_captions_asr,news7,topic_count_error,standard,,10,2.6,1.5,3.9
chapter_llama_captions_asr,news7,window_diff,standard,,10,0.17774166100856842,0.13777196683188278,0.2243696800967399
chapter_llama_captions_asr,wbs,boundary_f1,standard,30.0,10,0.6623478381293219,0.5994932858323944,0.7189221361799355
chapter_llama_captions_asr,wbs,boundary_f1,standard,5.0,10,0.5273512397106719,0.4835393826440038,0.5707839591274354
chapter_llama_captions_asr,wbs,internal_boundary_f1,standard,30.0,10,0.6708945554887739,0.6104016123761461,0.7277475636973302
chapter_llama_captions_asr,wbs,internal_boundary_f1,standard,5.0,10,0.5398232110766575,0.4926443011212895,0.5856160578787302
chapter_llama_captions_asr,wbs,matched_iou,editorial_masked,0.1,10,0.8649360162507913,0.821692326367274,0.9027089447962299
chapter_llama_captions_asr,wbs,matched_iou,editorial_masked,0.3,10,0.8823343210424122,0.8572915056595891,0.9106579461803477
chapter_llama_captions_asr,wbs,matched_iou,editorial_masked,0.5,10,0.9089579011654749,0.885704091158139,0.9322047570944622
chapter_llama_captions_asr,wbs,matched_iou,standard,0.1,10,0.7730160313026424,0.7238092088873647,0.8205303398616873
chapter_llama_captions_asr,wbs,matched_iou,standard,0.3,10,0.8044364583693089,0.763244963074328,0.8412434549466031
chapter_llama_captions_asr,wbs,matched_iou,standard,0.5,10,0.84326585564376,0.8198239065583064,0.8659086364758576
chapter_llama_captions_asr,wbs,pk,standard,,10,0.18582505400482457,0.15841548369404063,0.21154790506287224
chapter_llama_captions_asr,wbs,segment_f1,editorial_masked,0.1,10,0.8193313576193126,0.7443846870844671,0.889027707230539
chapter_llama_captions_asr,wbs,segment_f1,editorial_masked,0.3,10,0.8004276374363932,0.7057630090333736,0.8841044169474773
chapter_llama_captions_asr,wbs,segment_f1,editorial_masked,0.5,10,0.7691457496121485,0.656460014760513,0.8627944050609658
chapter_llama_captions_asr,wbs,segment_f1,standard,0.1,10,0.6844463389434926,0.6218325299473306,0.7457677233161104
chapter_llama_captions_asr,wbs,segment_f1,standard,0.3,10,0.6456955016822189,0.5849852892333917,0.7072653167935425
chapter_llama_captions_asr,wbs,segment_f1,standard,0.5,10,0.5959525653700227,0.5014370787190996,0.6738896562775596
chapter_llama_captions_asr,wbs,segment_precision,editorial_masked,0.1,10,0.8342826763879396,0.7703875503151819,0.8894872218424851
chapter_llama_captions_asr,wbs,segment_precision,editorial_masked,0.3,10,0.8130489101541732,0.7354686431989064,0.8819883040935672
chapter_llama_captions_asr,wbs,segment_precision,editorial_masked,0.5,10,0.7779554947976001,0.6993861642743221,0.8621185539606592
chapter_llama_captions_asr,wbs,segment_precision,standard,0.1,10,0.6109788386994268,0.5371868661703221,0.6809741843124195
chapter_llama_captions_asr,wbs,segment_precision,standard,0.3,10,0.5737142106259754,0.511951754944402,0.638405233247145
chapter_llama_captions_asr,wbs,segment_precision,standard,0.5,10,0.5249011854158914,0.4598036687577129,0.5947993293471234
chapter_llama_captions_asr,wbs,segment_recall,editorial_masked,0.1,10,0.8251909184726521,0.7075438596491228,0.9294117647058823
chapter_llama_captions_asr,wbs,segment_recall,editorial_masked,0.3,10,0.8075030099759202,0.6746798138114896,0.913968492002064
chapter_llama_captions_asr,wbs,segment_recall,editorial_masked,0.5,10,0.7788721190230479,0.6353633470932234,0.9087477425180599
chapter_llama_captions_asr,wbs,segment_recall,standard,0.1,10,0.8189409184726522,0.7045556308049535,0.9195268317853459
chapter_llama_captions_asr,wbs,segment_recall,standard,0.3,10,0.7779261265909874,0.6660072131922946,0.8877426793085655
chapter_llama_captions_asr,wbs,segment_recall,standard,0.5,10,0.7257249742002063,0.5726869840041278,0.8625406346749227
chapter_llama_captions_asr,wbs,topic_count_error,standard,,10,7.5,3.1,13.0
chapter_llama_captions_asr,wbs,window_diff,standard,,10,0.2563912836858223,0.22260590637231364,0.2912723486264149
