reference_condition,other_condition,group,metric,scope,parameter,n_programs,mean_difference,ci95_low,ci95_high,wins,ties,losses
full,chapter_llama,all,boundary_f1,standard,30.0,20,0.2560591787048974,0.15874142229603114,0.34980862656549977,19,0,1
full,chapter_llama,all,boundary_f1,standard,5.0,20,0.2353478377616484,0.1598716899888075,0.31489907618452745,19,0,1
full,chapter_llama,all,internal_boundary_f1,standard,30.0,20,0.26961526733645885,0.17383830679354287,0.3698896341190463,19,0,1
full,chapter_llama,all,internal_boundary_f1,standard,5.0,20,0.19853808940448558,0.12112493393060815,0.28229657184786494,18,1,1
full,chapter_llama,all,matched_iou,editorial_masked,0.1,20,0.09967523506624386,0.030218495787551192,0.17997374630634577,16,0,4
full,chapter_llama,all,matched_iou,editorial_masked,0.3,20,0.08519212589746346,0.030364928167136488,0.14830624358835512,16,0,4
full,chapter_llama,all,matched_iou,editorial_masked,0.5,20,0.0668954761853647,0.0008312778276106189,0.16634601364001586,10,0,10
full,chapter_llama,all,matched_iou,standard,0.1,20,0.1037989988578549,0.03881770555606149,0.1897352385170406,16,0,4
full,chapter_llama,all,matched_iou,standard,0.3,20,0.08282668542676157,0.03323150234910817,0.14858338072558464,15,0,5
full,chapter_llama,all,matched_iou,standard,0.5,20,0.062790996362963,-0.006919984341109431,0.1636617042077183,12,0,8
full,chapter_llama,all,pk,standard,,20,-0.21685573180569068,-0.2981426653322278,-0.13674784446389626,19,0,1
full,chapter_llama,all,segment_f1,editorial_masked,0.1,20,0.2578536856444587,0.14740368409857105,0.38096343108647585,17,0,3
full,chapter_llama,all,segment_f1,editorial_masked,0.3,20,0.26175713545431434,0.13611981310667198,0.400053481558197,17,0,3
full,chapter_llama,all,segment_f1,editorial_masked,0.5,20,0.30663831255422364,0.18137618391866353,0.44040648763520857,17,0,3
full,chapter_llama,all,segment_f1,standard,0.1,20,0.3205291408898672,0.20526183854248037,0.43091155371611706,17,0,3
full,chapter_llama,all,segment_f1,standard,0.3,20,0.3328161683499245,0.20916728788385364,0.4556015896148592,17,0,3
full,chapter_llama,all,segment_f1,standard,0.5,20,0.3708000057346635,0.2528255491406134,0.49849118458429975,18,0,2
full,chapter_llama,all,segment_precision,editorial_masked,0.1,20,0.2601383140428145,0.12892955640548198,0.37559344332691286,15,2,3
full,chapter_llama,all,segment_precision,editorial_masked,0.3,20,0.2619535530895806,0.11029438234590976,0.3985135465631943,15,0,5
full,chapter_llama,all,segment_precision,editorial_masked,0.5,20,0.30811545145450453,0.18223659674494178,0.45503224588695984,17,0,3
full,chapter_llama,all,segment_precision,standard,0.1,20,0.3556005584085018,0.2316896630343428,0.48037137581834133,16,1,3
full,chapter_llama,all,segment_precision,standard,0.3,20,0.36231745648627933,0.2159351985301557,0.49592378665677395,16,0,4
full,chapter_llama,all,segment_precision,standard,0.5,20,0.3957214067031768,0.27248309893990524,0.5168652055280872,18,0,2
full,chapter_llama,all,segment_recall,editorial_masked,0.1,20,0.1287194025874366,0.04265791454525007,0.2292301847511793,8,11,1
full,chapter_llama,all,segment_recall,editorial_masked,0.3,20,0.17047146266186514,0.06690845252958255,0.2905747652008294,12,7,1
full,chapter_llama,all,segment_recall,editorial_masked,0.5,20,0.24029246682110456,0.10599018660647919,0.3798650719657879,15,3,2
full,chapter_llama,all,segment_recall,standard,0.1,20,0.13499391239135822,0.04050551177408762,0.25183501937841135,8,11,1
full,chapter_llama,all,segment_recall,standard,0.3,20,0.18817657102099822,0.08373237089278111,0.30227195185060896,14,5,1
full,chapter_llama,all,segment_recall,standard,0.5,20,0.26046575543479566,0.1386658245650119,0.4068307453103312,16,2,2
full,chapter_llama,all,topic_count_error,standard,,20,-16.5,-26.3,-7.8,16,0,4
full,chapter_llama,all,window_diff,standard,,20,-0.24236057079120527,-0.3568350750182493,-0.14576220433023832,18,0,2
full,chapter_llama,news7,boundary_f1,standard,30.0,10,0.15432247215733153,0.0272562492085624,0.29941919870020417,9,0,1
full,chapter_llama,news7,boundary_f1,standard,5.0,10,0.24166216294021364,0.11603142574884585,0.36643328634455025,9,0,1
full,chapter_llama,news7,internal_boundary_f1,standard,30.0,10,0.17363002443935044,0.04903720610577808,0.30905006853052897,9,0,1
full,chapter_llama,news7,internal_boundary_f1,standard,5.0,10,0.17246991348918975,0.03984205679928159,0.2957584176556264,8,1,1
full,chapter_llama,news7,matched_iou,editorial_masked,0.1,10,0.12543547065834124,0.019828693366941482,0.25287990190814486,8,0,2
full,chapter_llama,news7,matched_iou,editorial_masked,0.3,10,0.11841991618613346,0.04940932320777771,0.2266082244684356,9,0,1
full,chapter_llama,news7,matched_iou,editorial_masked,0.5,10,0.12147501570953849,0.014449768121249944,0.30414123566478163,6,0,4
full,chapter_llama,news7,matched_iou,standard,0.1,10,0.13836107096130174,0.03990906456382657,0.2724890354790459,8,0,2
full,chapter_llama,news7,matched_iou,standard,0.3,10,0.13157309496203107,0.06509668009486445,0.22539477797556504,10,0,0
full,chapter_llama,news7,matched_iou,standard,0.5,10,0.13647444769432954,0.033416160212903015,0.3144593839042099,10,0,0
full,chapter_llama,news7,pk,standard,,10,-0.19705524684572037,-0.3262973589839325,-0.077137725138353,9,0,1
full,chapter_llama,news7,segment_f1,editorial_masked,0.1,10,0.18232087364015243,0.025611815765040544,0.3489094121582061,7,0,3
full,chapter_llama,news7,segment_f1,editorial_masked,0.3,10,0.1869577847516398,-0.0002445727405493307,0.40516692567847806,7,0,3
full,chapter_llama,news7,segment_f1,editorial_masked,0.5,10,0.2513692206151346,0.07264414022017467,0.457371854173729,8,0,2
full,chapter_llama,news7,segment_f1,standard,0.1,10,0.18232087364015243,0.014947765266993917,0.35292272239513844,7,0,3
full,chapter_llama,news7,segment_f1,standard,0.3,10,0.1869577847516398,0.0019825836340399998,0.3840311039575808,7,0,3
full,chapter_llama,news7,segment_f1,standard,0.5,10,0.2513692206151346,0.06987926461747528,0.45136011789322844,8,0,2
full,chapter_llama,news7,segment_precision,editorial_masked,0.1,10,0.19829249701836363,-0.0006342016866781262,0.3988008097300413,6,1,3
full,chapter_llama,news7,segment_precision,editorial_masked,0.3,10,0.19654852192807437,-0.018046881053956534,0.4312594332499445,6,0,4
full,chapter_llama,news7,segment_precision,editorial_masked,0.5,10,0.2544665637979591,0.040135769592164944,0.4556215583512095,8,0,2
full,chapter_llama,news7,segment_precision,standard,0.1,10,0.19829249701836363,0.003471504910184158,0.3941244059847202,6,1,3
full,chapter_llama,news7,segment_precision,standard,0.3,10,0.19654852192807437,-0.013706022982185784,0.40929437609341074,6,0,4
full,chapter_llama,news7,segment_precision,standard,0.5,10,0.2544665637979591,0.05368964022089023,0.4669438566924032,8,0,2
full,chapter_llama,news7,segment_recall,editorial_masked,0.1,10,0.03496503496503496,0.0,0.0895104895104895,2,8,0
full,chapter_llama,news7,segment_recall,editorial_masked,0.3,10,0.10226301476301476,-0.004807692307692313,0.24451704545454542,4,5,1
full,chapter_llama,news7,segment_recall,editorial_masked,0.5,10,0.2050912975912976,0.05767628205128205,0.4008333333333333,7,2,1
full,chapter_llama,news7,segment_recall,standard,0.1,10,0.03496503496503496,0.0,0.0895104895104895,2,8,0
full,chapter_llama,news7,segment_recall,standard,0.3,10,0.10226301476301476,-0.0075854700854700915,0.24814709595959594,4,5,1
full,chapter_llama,news7,segment_recall,standard,0.5,10,0.2050912975912976,0.0554048174048174,0.4154185606060606,7,2,1
full,chapter_llama,news7,topic_count_error,standard,,10,-9.1,-19.4025,-0.49500000000000455,7,0,3
full,chapter_llama,news7,window_diff,standard,,10,-0.215352670893702,-0.3926506979922341,-0.05974599564140046,8,0,2
full,chapter_llama,wbs,boundary_f1,standard,30.0,10,0.3577958852524632,0.2683970723422917,0.46670299170843166,10,0,0
full,chapter_llama,wbs,boundary_f1,standard,5.0,10,0.22903351258308313,0.1327088538662458,0.32941834193447894,10,0,0
full,chapter_llama,wbs,internal_boundary_f1,standard,30.0,10,0.3656005102335672,0.2724974387195747,0.48118550449904834,10,0,0
full,chapter_llama,wbs,internal_boundary_f1,standard,5.0,10,0.2246062653197814,0.1202672026770606,0.34037619943378067,10,0,0
full,chapter_llama,wbs,matched_iou,editorial_masked,0.1,10,0.07391499947414647,-0.005057156979148556,0.17480702526783778,8,0,2
full,chapter_llama,wbs,matched_iou,editorial_masked,0.3,10,0.05196433560879347,-0.010748587825680658,0.12746875212215059,7,0,3
full,chapter_llama,wbs,matched_iou,editorial_masked,0.5,10,0.01231593666119093,-0.03758184044328805,0.07970257983776187,4,0,6
full,chapter_llama,wbs,matched_iou,standard,0.1,10,0.06923692675440808,0.00688696420567308,0.13920192121130698,8,0,2
full,chapter_llama,wbs,matched_iou,standard,0.3,10,0.034080275891492096,-0.02537222022580991,0.10102803147177368,5,0,5
full,chapter_llama,wbs,matched_iou,standard,0.5,10,-0.010892454968403542,-0.05577699264690278,0.049806899927037455,2,0,8
full,chapter_llama,wbs,pk,standard,,10,-0.2366562167656611,-0.33832857260925314,-0.15711677943891159,10,0,0
full,chapter_llama,wbs,segment_f1,editorial_masked,0.1,10,0.33338649764876505,0.20505112259341304,0.46896705061334876,10,0,0
full,chapter_llama,wbs,segment_f1,editorial_masked,0.3,10,0.33655648615698885,0.19985328422636628,0.4863162440250829,10,0,0
full,chapter_llama,wbs,segment_f1,editorial_masked,0.5,10,0.36190740449331255,0.2047469009260814,0.5413547271068493,9,0,1
full,chapter_llama,wbs,segment_f1,standard,0.1,10,0.458737408139582,0.35477428837890795,0.5685552834560987,10,0,0
full,chapter_llama,wbs,segment_f1,standard,0.3,10,0.4786745519482093,0.377457348420264,0.5895133372326468,10,0,0
full,chapter_llama,wbs,segment_f1,standard,0.5,10,0.4902307908541924,0.377739596580869,0.6112253711761383,10,0,0
full,chapter_llama,wbs,segment_precision,editorial_masked,0.1,10,0.3219841310672654,0.18313783679928441,0.4798427893960768,9,1,0
full,chapter_llama,wbs,segment_precision,editorial_masked,0.3,10,0.32735858425108705,0.18400450353772846,0.48885912965198214,9,0,1
full,chapter_llama,wbs,segment_precision,editorial_masked,0.5,10,0.36176433911104994,0.2140533919483786,0.5274050771746471,9,0,1
full,chapter_llama,wbs,segment_precision,standard,0.1,10,0.51290861979864,0.42434511540174297,0.617644967972334,10,0,0
full,chapter_llama,wbs,segment_precision,standard,0.3,10,0.5280863910444843,0.44768616153275387,0.6284498874612152,10,0,0
full,chapter_llama,wbs,segment_precision,standard,0.5,10,0.5369762496083944,0.45257280216603013,0.6282416957330564,10,0,0
full,chapter_llama,wbs,segment_recall,editorial_masked,0.1,10,0.22247377020983833,0.061010653164774685,0.40260637039903685,6,3,1
full,chapter_llama,wbs,segment_recall,editorial_masked,0.3,10,0.2386799105607155,0.09095760233918129,0.4083611971104231,8,2,0
full,chapter_llama,wbs,segment_recall,editorial_masked,0.5,10,0.2754936360509116,0.07812770897832816,0.47099595803233557,8,1,1
full,chapter_llama,wbs,segment_recall,standard,0.1,10,0.2350227898176814,0.06865326152390781,0.4200227898176814,6,3,1
full,chapter_llama,wbs,segment_recall,standard,0.3,10,0.27409012727898174,0.1145846233230134,0.4509086687306501,10,0,0
full,chapter_llama,wbs,segment_recall,standard,0.5,10,0.31584021327829376,0.1446066606467148,0.5136974759201925,9,0,1
full,chapter_llama,wbs,topic_count_error,standard,,10,-23.9,-39.405,-10.3,9,0,1
full,chapter_llama,wbs,window_diff,standard,,10,-0.2693684706887088,-0.40463182213535465,-0.16246826355054184,10,0,0
full,chapter_llama_captions_asr,all,boundary_f1,standard,30.0,20,0.1255081352330064,0.058112633049765765,0.19210296587088083,16,0,4
full,chapter_llama_captions_asr,all,boundary_f1,standard,5.0,20,0.13644736015015158,0.08719688883383817,0.1917090204004139,18,0,2
full,chapter_llama_captions_asr,all,internal_boundary_f1,standard,30.0,20,0.12815151463200347,0.06210561250627477,0.19112125811763045,16,0,4
full,chapter_llama_captions_asr,all,internal_boundary_f1,standard,5.0,20,0.09619832447612515,0.04179955813857498,0.15112582447458064,17,0,3
full,chapter_llama_captions_asr,all,matched_iou,editorial_masked,0.1,20,0.006316298816362703,-0.02443345661855206,0.038137243339097675,9,0,11
full,chapter_llama_captions_asr,all,matched_iou,editorial_masked,0.3,20,0.01754386642023411,-0.006446047309251329,0.042753381027579015,13,0,7
full,chapter_llama_captions_asr,all,matched_iou,editorial_masked,0.5,20,0.006701781615248642,-0.01787295693634526,0.033174931844275515,12,0,8
full,chapter_llama_captions_asr,all,matched_iou,standard,0.1,20,0.02797655181745124,-0.004714963360878395,0.06316040061541707,11,0,9
full,chapter_llama_captions_asr,all,matched_iou,standard,0.3,20,0.03167012669916663,0.00205216974342883,0.05911028718837503,14,0,6
full,chapter_llama_captions_asr,all,matched_iou,standard,0.5,20,0.019284951249474713,-0.0053358324167915375,0.044796601876762904,12,0,8
full,chapter_llama_captions_asr,all,pk,standard,,20,-0.09870783728868843,-0.13038632531616842,-0.06678763088602714,19,0,1
full,chapter_llama_captions_asr,all,segment_f1,editorial_masked,0.1,20,0.10215375644714231,0.05112292676213011,0.1624014305218163,16,0,4
full,chapter_llama_captions_asr,all,segment_f1,editorial_masked,0.3,20,0.0865131265122884,0.022834829015369346,0.1583410429211772,15,0,5
full,chapter_llama_captions_asr,all,segment_f1,editorial_masked,0.5,20,0.09875474482325963,0.03289940348095496,0.1757734215682094,16,0,4
full,chapter_llama_captions_asr,all,segment_f1,standard,0.1,20,0.1704202955564505,0.09377067025230713,0.24048326315642862,17,0,3
full,chapter_llama_captions_asr,all,segment_f1,standard,0.3,20,0.16479792113047076,0.08217815626746529,0.24389839271595817,16,0,4
full,chapter_llama_captions_asr,all,segment_f1,standard,0.5,20,0.1751298640158063,0.09669549070802406,0.2557102314114247,17,0,3
full,chapter_llama_captions_asr,all,segment_precision,editorial_masked,0.1,20,0.0981389188297083,0.0416658267719123,0.15206122240332764,15,1,4
full,chapter_llama_captions_asr,all,segment_precision,editorial_masked,0.3,20,0.08545406283602877,0.013641749246625406,0.15749794858134641,15,0,5
full,chapter_llama_captions_asr,all,segment_precision,editorial_masked,0.5,20,0.0988985146260688,0.023085611740555612,0.16474353183258947,15,0,5
full,chapter_llama_captions_asr,all,segment_precision,standard,0.1,20,0.21048602483974005,0.12239486463828568,0.29843717531715797,16,1,3
full,chapter_llama_captions_asr,all,segment_precision,standard,0.3,20,0.2060004232953149,0.11191004752256686,0.2923520719476601,16,0,4
full,chapter_llama_captions_asr,all,segment_precision,standard,0.5,20,0.2154541468163759,0.12248425127396684,0.30519915970467437,17,0,3
full,chapter_llama_captions_asr,all,segment_recall,editorial_masked,0.1,20,0.09053299126054544,0.03234065650551719,0.16603532226287643,9,10,1
full,chapter_llama_captions_asr,all,segment_recall,editorial_masked,0.3,20,0.0712408046889471,0.0011134182080389519,0.14474790624751924,8,9,3
full,chapter_llama_captions_asr,all,segment_recall,editorial_masked,0.5,20,0.08294729565240402,0.011183548993146525,0.17086882376094836,9,7,4
full,chapter_llama_captions_asr,all,segment_recall,standard,0.1,20,0.09365799126054544,0.030830802968960857,0.1581982816751102,10,9,1
full,chapter_llama_captions_asr,all,segment_recall,standard,0.3,20,0.08602924638141356,0.011964054768331078,0.16686451056468468,8,9,3
full,chapter_llama_captions_asr,all,segment_recall,standard,0.5,20,0.09806575970469159,0.022058374513773123,0.1842913598806594,10,6,4
full,chapter_llama_captions_asr,all,topic_count_error,standard,,20,-3.9,-6.9,-1.35,16,0,4
full,chapter_llama_captions_asr,all,window_diff,standard,,20,-0.08675774841769184,-0.11877650858040376,-0.050898639632119894,17,0,3
full,chapter_llama_captions_asr,news7,boundary_f1,standard,30.0,10,0.02408582643343361,-0.0556824339018748,0.09002924880213653,6,0,4
full,chapter_llama_captions_asr,news7,boundary_f1,standard,5.0,10,0.1537018120640859,0.06424683050978633,0.25301775367772117,8,0,2
full,chapter_llama_captions_asr,news7,internal_boundary_f1,standard,30.0,10,0.03735576625306062,-0.044010301885587945,0.1116165732733238,6,0,4
full,chapter_llama_captions_asr,news7,internal_boundary_f1,standard,5.0,10,0.08345060502196329,-0.010628685927598946,0.180100857936531,8,0,2
full,chapter_llama_captions_asr,news7,matched_iou,editorial_masked,0.1,10,0.015329683772688295,-0.025221372370911894,0.05725112736257131,6,0,4
full,chapter_llama_captions_asr,news7,matched_iou,editorial_masked,0.3,10,0.04020853946240448,0.010505780946979465,0.06960410536274778,9,0,1
full,chapter_llama_captions_asr,news7,matched_iou,editorial_masked,0.5,10,0.0278815659247587,-0.015595660996818536,0.0659898605548602,8,0,2
full,chapter_llama_captions_asr,news7,matched_iou,standard,0.1,10,0.0304279118043592,-0.008119557041316791,0.0714330318261524,6,0,4
full,chapter_llama_captions_asr,news7,matched_iou,standard,0.3,10,0.0552086189677249,0.028603531982599194,0.0840594569601056,9,0,1
full,chapter_llama_captions_asr,news7,matched_iou,standard,0.5,10,0.04383852710759327,0.0006241720646899663,0.0796272675543273,9,0,1
full,chapter_llama_captions_asr,news7,pk,standard,,10,-0.07581047090517294,-0.12464647557917133,-0.02252513194302441,9,0,1
full,chapter_llama_captions_asr,news7,segment_f1,editorial_masked,0.1,10,0.047436184310911046,-0.01881503823497358,0.10868474988696125,7,0,3
full,chapter_llama_captions_asr,news7,segment_f1,editorial_masked,0.3,10,0.02082146569619242,-0.0644191239434161,0.09542538834669752,6,0,4
full,chapter_llama_captions_asr,news7,segment_f1,editorial_masked,0.5,10,0.04725559478549392,-0.042086188011614616,0.12552344289411282,7,0,3
full,chapter_llama_captions_asr,news7,segment_f1,standard,0.1,10,0.05211454688401046,-0.011601409567219906,0.11382062023499526,7,0,3
full,chapter_llama_captions_asr,news7,segment_f1,standard,0.3,10,0.025499828269291834,-0.06367948432854055,0.10297757883703394,6,0,4
full,chapter_llama_captions_asr,news7,segment_f1,standard,0.5,10,0.05193395735859333,-0.04164404346718928,0.1298912991884624,7,0,3
full,chapter_llama_captions_asr,news7,segment_precision,editorial_masked,0.1,10,0.06664238539238537,-0.034686771561771586,0.15275298659673656,6,1,3
full,chapter_llama_captions_asr,news7,segment_precision,editorial_masked,0.3,10,0.043609168609168594,-0.07240802253302255,0.14753341103341097,6,0,4
full,chapter_llama_captions_asr,news7,segment_precision,editorial_masked,0.5,10,0.06792443667443666,-0.04488580516705518,0.17120840617715616,7,0,3
full,chapter_llama_captions_asr,news7,segment_precision,standard,0.1,10,0.07391511266511265,-0.027703962703962727,0.17153598484848484,6,1,3
full,chapter_llama_captions_asr,news7,segment_precision,standard,0.3,10,0.050881895881895865,-0.0648525641025641,0.15525582750582745,6,0,4
full,chapter_llama_captions_asr,news7,segment_precision,standard,0.5,10,0.07519716394716394,-0.04584714937839937,0.17397159090909092,7,0,3
full,chapter_llama_captions_asr,news7,segment_recall,editorial_masked,0.1,10,0.01678321678321678,0.0,0.04125874125874125,2,8,0
full,chapter_llama_captions_asr,news7,segment_recall,editorial_masked,0.3,10,-0.015918803418803428,-0.05064102564102566,0.015384615384615375,1,7,2
full,chapter_llama_captions_asr,news7,segment_recall,editorial_masked,0.5,10,0.012884615384615394,-0.03749999999999999,0.06733600427350428,3,5,2
full,chapter_llama_captions_asr,news7,segment_recall,standard,0.1,10,0.01678321678321678,0.0,0.04125874125874125,2,8,0
full,chapter_llama_captions_asr,news7,segment_recall,standard,0.3,10,-0.015918803418803428,-0.05346955128205129,0.015384615384615375,1,7,2
full,chapter_llama_captions_asr,news7,segment_recall,standard,0.5,10,0.012884615384615394,-0.045559829059829034,0.06649999999999999,3,5,2
full,chapter_llama_captions_asr,news7,topic_count_error,standard,,10,-0.9,-2.2,0.6,7,0,3
full,chapter_llama_captions_asr,news7,window_diff,standard,,10,-0.0426049132324718,-0.08526522160084753,0.017695061462951314,7,0,3
full,chapter_llama_captions_asr,wbs,boundary_f1,standard,30.0,10,0.22693044403257923,0.15500125863490138,0.3006687953731462,10,0,0
full,chapter_llama_captions_asr,wbs,boundary_f1,standard,5.0,10,0.11919290823621717,0.07934113612952122,0.16159434462842162,10,0,0
full,chapter_llama_captions_asr,wbs,internal_boundary_f1,standard,30.0,10,0.2189472630109463,0.15629922135314572,0.2903969632430922,10,0,0
full,chapter_llama_captions_asr,wbs,internal_boundary_f1,standard,5.0,10,0.10894604393028703,0.06776086144909765,0.14964996948268525,9,0,1
full,chapter_llama_captions_asr,wbs,matched_iou,editorial_masked,0.1,10,-0.00269708613996289,-0.03985833932700945,0.0413771795198539,3,0,7
full,chapter_llama_captions_asr,wbs,matched_iou,editorial_masked,0.3,10,-0.005120806621936258,-0.03382214238625941,0.029675809897275023,4,0,6
full,chapter_llama_captions_asr,wbs,matched_iou,editorial_masked,0.5,10,-0.014478002694261416,-0.04157134268574115,0.011399467242963923,4,0,6
full,chapter_llama_captions_asr,wbs,matched_iou,standard,0.1,10,0.025525191830543283,-0.028056115200744046,0.08044939504016535,5,0,5
full,chapter_llama_captions_asr,wbs,matched_iou,standard,0.3,10,0.008131634430608358,-0.03388598657012381,0.05236643665949686,5,0,5
full,chapter_llama_captions_asr,wbs,matched_iou,standard,0.5,10,-0.005268624608643846,-0.02810030282523455,0.02084739858354814,3,0,7
full,chapter_llama_captions_asr,wbs,pk,standard,,10,-0.12160520367220391,-0.14907831060315105,-0.09191469677410999,10,0,0
full,chapter_llama_captions_asr,wbs,segment_f1,editorial_masked,0.1,10,0.15687132858337355,0.08321810746281054,0.24696469785589054,9,0,1
full,chapter_llama_captions_asr,wbs,segment_f1,editorial_masked,0.3,10,0.15220478732838436,0.06669383069991767,0.24483257126917904,9,0,1
full,chapter_llama_captions_asr,wbs,segment_f1,editorial_masked,0.5,10,0.1502538948610254,0.04405595881659707,0.2717144106481111,9,0,1
full,chapter_llama_captions_asr,wbs,segment_f1,standard,0.1,10,0.28872604422889053,0.2220162507743153,0.35623093279497453,10,0,0
full,chapter_llama_captions_asr,wbs,segment_f1,standard,0.3,10,0.30409601399164965,0.24719739484919753,0.3706583812319107,10,0,0
full,chapter_llama_captions_asr,wbs,segment_f1,standard,0.5,10,0.29832577067301924,0.21436780617368853,0.3839532663202967,10,0,0
full,chapter_llama_captions_asr,wbs,segment_precision,editorial_masked,0.1,10,0.1296354522670312,0.06060968709652921,0.18906465975544917,9,0,1
full,chapter_llama_captions_asr,wbs,segment_precision,editorial_masked,0.3,10,0.12729895706288896,0.0480903883483218,0.20209930240038596,9,0,1
full,chapter_llama_captions_asr,wbs,segment_precision,editorial_masked,0.5,10,0.12987259257770095,0.029293436493417157,0.22461762360446566,8,0,2
full,chapter_llama_captions_asr,wbs,segment_precision,standard,0.1,10,0.34705693701436735,0.27599695352162457,0.41488723426484647,10,0,0
full,chapter_llama_captions_asr,wbs,segment_precision,standard,0.3,10,0.36111895070873395,0.30395896853404597,0.41249988216977374,10,0,0
full,chapter_llama_captions_asr,wbs,segment_precision,standard,0.5,10,0.3557111296855878,0.2904404014995153,0.42201455101271274,10,0,0
full,chapter_llama_captions_asr,wbs,segment_recall,editorial_masked,0.1,10,0.1642827657378741,0.0554592363261094,0.27473684210526317,7,2,1
full,chapter_llama_captions_asr,wbs,segment_recall,editorial_masked,0.3,10,0.15840041279669764,0.045552115583075335,0.28969788441692457,7,2,1
full,chapter_llama_captions_asr,wbs,segment_recall,editorial_masked,0.5,10,0.15300997592019266,0.021568627450980392,0.2973512211902305,6,2,2
full,chapter_llama_captions_asr,wbs,segment_recall,standard,0.1,10,0.1705327657378741,0.06264705882352942,0.2871929824561404,8,1,1
full,chapter_llama_captions_asr,wbs,segment_recall,standard,0.3,10,0.18797729618163053,0.077906346749226,0.3119053147574819,7,2,1
full,chapter_llama_captions_asr,wbs,segment_recall,standard,0.5,10,0.1832469040247678,0.0428381385448916,0.32306578947368403,7,1,2
full,chapter_llama_captions_asr,wbs,topic_count_error,standard,,10,-6.9,-12.2,-2.8,9,0,1
full,chapter_llama_captions_asr,wbs,window_diff,standard,,10,-0.13091058360291188,-0.16734006751234293,-0.09518982958755683,10,0,0
