reference_condition,other_condition,metric,n_programs,mean_difference,ci95_low,ci95_high,wins,ties,losses
full,embedding_window_ruri,bf1_5,20,0.4836687006194758,0.4266491944072746,0.5434718452448816,20,0,0
full,embedding_window_ruri,bf1_30,20,0.21952943255643476,0.16683339908868455,0.26936737628167223,19,0,1
full,embedding_window_ruri,match_rate,20,0.1814749979552611,0.11657169606279513,0.23476539876317354,15,4,1
full,embedding_window_ruri,pk,20,-0.1974881882378657,-0.23761574327431167,-0.16113449050900955,19,0,1
full,embedding_window_ruri,window_diff,20,-0.205184881461059,-0.24035279920636757,-0.16589827996321788,19,0,1
full,embedding_window_ruri,onset_mae_sec,20,-30.328924110652412,-37.30474363103909,-23.340706999056906,20,0,0
full,embedding_window_ruri,topic_count_error,20,-5.1,-7.15,-3.0,16,1,3
full,embedding_window_minilm,bf1_5,20,0.5114425413659079,0.437592020633158,0.5874522342684928,20,0,0
full,embedding_window_minilm,bf1_30,20,0.26592532295660964,0.20186012353833188,0.3215869418224318,18,0,2
full,embedding_window_minilm,match_rate,20,0.2237099156003955,0.14920064248402098,0.3044349865498279,16,3,1
full,embedding_window_minilm,pk,20,-0.22001669447985547,-0.25342470411396356,-0.18456935662677199,20,0,0
full,embedding_window_minilm,window_diff,20,-0.22528638440841314,-0.2558461154965123,-0.18914274577369744,20,0,0
full,embedding_window_minilm,onset_mae_sec,20,-40.28872814550646,-48.514587553064786,-32.646401385309964,20,0,0
full,embedding_window_minilm,topic_count_error,20,-3.05,-4.65125,-1.3,16,2,2
full,texttiling,bf1_5,20,0.5948615129421394,0.5320383507966866,0.6544296924886011,20,0,0
full,texttiling,bf1_30,20,0.35761906204717053,0.2831562254294647,0.43103157148113325,19,0,1
full,texttiling,match_rate,20,0.38588633567155234,0.2957897022514379,0.48505876515662694,19,0,1
full,texttiling,pk,20,-0.2571680296234542,-0.28972233471219994,-0.2122825176223034,19,0,1
full,texttiling,window_diff,20,-0.2353909759242962,-0.2742099399017816,-0.1874059824661649,19,0,1
full,texttiling,onset_mae_sec,20,-54.33712630567961,-65.952113121317,-42.26472976141607,20,0,0
full,texttiling,topic_count_error,20,-0.35,-1.65,0.8,9,3,8
