condition,group,metric,tolerance_sec,n_programs,mean,standard_deviation,ci95_low,ci95_high
full,all,boundary_f1,30.0,20,0.881108068233536,0.09278611788899145,0.8368640835125979,0.9160440699651368
full,all,boundary_f1,5.0,20,0.6777859180615015,0.13117832808906618,0.6177650365448955,0.7312898770096508
full,all,internal_boundary_f1,30.0,20,0.8717068596330646,0.10117247399258074,0.8275282409957788,0.9126903624310261
full,all,internal_boundary_f1,5.0,20,0.6628505338021959,0.13163226081598858,0.6007039771100632,0.7176910656663039
full,all,match_rate,,20,0.9558052467398441,0.06899770733343019,0.9217844319745442,0.9822592190285205
full,all,mean_iou_matched,,20,0.8601266758657031,0.06193454151376527,0.8333805036264542,0.889525866512688
full,all,offset_f1,30.0,20,0.8992271085785184,0.1005681417680606,0.8506364808263484,0.9383382169572101
full,all,offset_f1,5.0,20,0.6425538124249929,0.13269295353600177,0.5840228972652735,0.6984183472966324
full,all,offset_mae_sec,,20,7.808237143779418,4.292084826053383,6.163347623491694,9.851282654493172
full,all,onset_f1,30.0,20,0.8955970580734679,0.1019362429429172,0.8507194954466534,0.9358089719228626
full,all,onset_f1,5.0,20,0.724309884268526,0.15619603608160654,0.6479984696267785,0.7870439329761152
full,all,onset_mae_sec,,20,8.450907622891817,6.366241086552223,5.766266563185594,11.524600749655786
full,all,pk,,20,0.0740742012857497,0.06051678601079713,0.0506091493543576,0.1039062288287197
full,all,topic_count_error,,20,1.15,1.7684739183827394,0.5,2.05
full,all,window_diff,,20,0.13030872392950352,0.07243405923233956,0.10206737710397884,0.16223850555368527
full,news7,boundary_f1,30.0,10,0.8729378543051707,0.12046810833573149,0.7949657474293157,0.9443599654718097
full,news7,boundary_f1,5.0,10,0.709027688176114,0.1708819779860272,0.597756243595374,0.8005103847066367
full,news7,internal_boundary_f1,30.0,10,0.8535719007664089,0.13116396949229098,0.7706599324397952,0.9287881370091896
full,news7,internal_boundary_f1,5.0,10,0.6769318125974472,0.17808635297922532,0.5639931881843646,0.7766321507869494
full,news7,match_rate,,10,0.9457070707070707,0.08855862947220046,0.8885984848484849,1.0
full,news7,mean_iou_matched,,10,0.9076852589314891,0.03279406076356029,0.8877551623674991,0.9283990274487474
full,news7,offset_f1,30.0,10,0.8837010373303279,0.12974466617659264,0.8007001863887446,0.9532361250496263
full,news7,offset_f1,5.0,10,0.6925079206326344,0.15912957397364055,0.5941306345732832,0.78362100904435
full,news7,offset_mae_sec,,10,7.9177586829836795,5.926375371427258,4.560462544191909,11.89917198717947
full,news7,onset_f1,30.0,10,0.8837010373303279,0.12974466617659264,0.7922407233498766,0.9564090238518157
full,news7,onset_f1,5.0,10,0.7109072522951242,0.19579958582492074,0.5863085949138581,0.8234996345029238
full,news7,onset_mae_sec,,10,6.47569228826729,6.243513595479848,3.3649455108780155,10.529786404428915
full,news7,pk,,10,0.08392855223887871,0.08074502311488141,0.04134634449127531,0.14081820682366658
full,news7,topic_count_error,,10,1.7,2.2825424421026654,0.4,3.3
full,news7,window_diff,,10,0.1351367477760966,0.09802153842630602,0.07826484048902124,0.19729165688972994
full,wbs,boundary_f1,30.0,10,0.8892782821619012,0.05071939893728628,0.85992846055173,0.9187311558266104
full,wbs,boundary_f1,5.0,10,0.6465441479468889,0.05712058053171105,0.6134854058270058,0.6822692870805828
full,wbs,internal_boundary_f1,30.0,10,0.8898418184997203,0.051088145673860864,0.8584858131979015,0.920604713027935
full,wbs,internal_boundary_f1,5.0,10,0.6487692550069445,0.050426086826130666,0.6184720502984831,0.6792833939617577
full,wbs,match_rate,,10,0.9659034227726178,0.038402995484299395,0.9414269973340214,0.9888961988304094
full,wbs,mean_iou_matched,,10,0.8125680927999174,0.04552677011633967,0.7836767346075628,0.8401526805765896
full,wbs,offset_f1,30.0,10,0.9147531798267092,0.053963933319192206,0.8823233537296037,0.9442216002951298
full,wbs,offset_f1,5.0,10,0.5925997042173514,0.07001280361149069,0.545782706264324,0.633980529274647
full,wbs,offset_mae_sec,,10,7.698715604575154,1.3030998925318376,6.931357843137239,8.542776991421567
full,wbs,onset_f1,30.0,10,0.9074930788166082,0.06054160743089803,0.8671168272087391,0.9422353973640738
full,wbs,onset_f1,5.0,10,0.737712516241928,0.10048713588501587,0.6735384223619518,0.798534475328593
full,wbs,onset_mae_sec,,10,10.426122957516341,5.854369128351731,6.961782222222224,14.151033353758171
full,wbs,pk,,10,0.0642198503326207,0.02471006990916094,0.048409373699783376,0.08001827232688123
full,wbs,topic_count_error,,10,0.6,0.66332495807108,0.2,1.1
full,wbs,window_diff,,10,0.12548070008291043,0.028957628524480795,0.10730052063799494,0.1442997745707117
no_vlm,all,boundary_f1,30.0,20,0.8393184121695066,0.08821465527620204,0.7994000464964603,0.8758212579817997
no_vlm,all,boundary_f1,5.0,20,0.6111866227167886,0.12199298440040664,0.559074879289665,0.6636204113255465
no_vlm,all,internal_boundary_f1,30.0,20,0.8218760255574493,0.09797077693810934,0.7802413367190486,0.8640641473683565
no_vlm,all,internal_boundary_f1,5.0,20,0.5921942368982771,0.12270301234244814,0.5394908007464272,0.6497591968622431
no_vlm,all,match_rate,,20,0.9339188518310036,0.07215809926476897,0.8986090842636896,0.9644597508560842
no_vlm,all,mean_iou_matched,,20,0.8341723692318697,0.07643290288761573,0.800670362154754,0.8653871695775995
no_vlm,all,offset_f1,30.0,20,0.8717938887296135,0.08990913898865491,0.8275153202373716,0.9084036318242141
no_vlm,all,offset_f1,5.0,20,0.6129240429483346,0.1191585098381044,0.560827470314727,0.6642223850454817
no_vlm,all,offset_mae_sec,,20,9.623368434145828,5.495282450396563,7.525915748797929,12.370124484944663
no_vlm,all,onset_f1,30.0,20,0.8475658487085355,0.09003725729894052,0.8058964198647984,0.8844404812941764
no_vlm,all,onset_f1,5.0,20,0.6416882812155745,0.14037969247115314,0.5811968004299246,0.7022604718643588
no_vlm,all,onset_mae_sec,,20,9.78528526741791,6.93589564686106,7.029396974171387,13.031038365048701
no_vlm,all,pk,,20,0.0859196294900257,0.053928635999444266,0.06463684556332433,0.1114223160499883
no_vlm,all,topic_count_error,,20,1.45,1.7457090250096092,0.8,2.3012499999999987
no_vlm,all,window_diff,,20,0.15384148535070347,0.07135289728194813,0.12484726124708255,0.1878658771027705
no_vlm,news7,boundary_f1,30.0,10,0.8319668903914937,0.108811858551996,0.7653565826779549,0.8954838182412554
no_vlm,news7,boundary_f1,5.0,10,0.671573719817624,0.12983680133742687,0.5928538424311426,0.7476531020466947
no_vlm,news7,internal_boundary_f1,30.0,10,0.8035339619101229,0.12000901532228052,0.7276819976076554,0.8748423867154517
no_vlm,news7,internal_boundary_f1,5.0,10,0.6447154675987627,0.1379954580187496,0.5608737039086009,0.7255790395721744
no_vlm,news7,match_rate,,10,0.9457070707070707,0.08855862947220046,0.8842803030303031,1.0
no_vlm,news7,mean_iou_matched,,10,0.9039047733195315,0.029514789965736535,0.8853209318598412,0.9231882857367051
no_vlm,news7,offset_f1,30.0,10,0.8489575775102092,0.10439825959185561,0.7792059037453775,0.9089655958077009
no_vlm,news7,offset_f1,5.0,10,0.694955044955045,0.09699221074332086,0.629179011777696,0.7532896708554602
no_vlm,news7,offset_mae_sec,,10,8.238806662781654,5.82157622129836,5.011064339549329,12.084913541666655
no_vlm,news7,onset_f1,30.0,10,0.8489575775102092,0.10439825959185561,0.7809020146520147,0.9110341643006118
no_vlm,news7,onset_f1,5.0,10,0.6865051615051615,0.1499573313491041,0.5875280640412219,0.7745496060956586
no_vlm,news7,onset_mae_sec,,10,6.807355749805751,5.9536320853931715,3.9665446969696965,11.19298317550506
no_vlm,news7,pk,,10,0.08674798988469004,0.07239160147171293,0.04827726032378475,0.13853357155194165
no_vlm,news7,topic_count_error,,10,1.9,2.3,0.6975000000000001,3.5024999999999977
no_vlm,news7,window_diff,,10,0.14526893745680639,0.09505214119555626,0.0917115587502203,0.2083568298604094
no_vlm,wbs,boundary_f1,30.0,10,0.8466699339475193,0.06012936474430395,0.807435215946844,0.8828925810733333
no_vlm,wbs,boundary_f1,5.0,10,0.5507995256159531,0.07492515273104082,0.5047749408983452,0.5965152517612686
no_vlm,wbs,internal_boundary_f1,30.0,10,0.8402180892047755,0.06419906472375629,0.8015290352303728,0.8775041675346298
no_vlm,wbs,internal_boundary_f1,5.0,10,0.5396730061977912,0.07451411070012301,0.4915758303061754,0.5868596173226908
no_vlm,wbs,match_rate,,10,0.9221306329549364,0.04788556689101511,0.8931168300653595,0.9523816111971104
no_vlm,wbs,mean_iou_matched,,10,0.7644399651442082,0.03297935871486887,0.7465088290238661,0.7882107400677785
no_vlm,wbs,offset_f1,30.0,10,0.8946301999490183,0.06500242858028503,0.8512893293591619,0.9339430955666723
no_vlm,wbs,offset_f1,5.0,10,0.5308930409416244,0.07437634979177628,0.48666613554678734,0.5721911097955313
no_vlm,wbs,offset_mae_sec,,10,11.007930205510004,4.7614584027837745,8.687530659340657,14.3817879567355
no_vlm,wbs,onset_f1,30.0,10,0.8461741199068621,0.07287348612429591,0.799261717275814,0.889822604851763
no_vlm,wbs,onset_f1,5.0,10,0.5968714009259878,0.11361606124779955,0.5290988381161612,0.6721026314333317
no_vlm,wbs,onset_mae_sec,,10,12.763214785030069,6.559834861971585,8.96229381704639,17.035365691171037
no_vlm,wbs,pk,,10,0.08509126909536134,0.023972468291665442,0.0714933948762055,0.1015250256982091
no_vlm,wbs,topic_count_error,,10,1.0,0.6324555320336759,0.6,1.4
no_vlm,wbs,window_diff,,10,0.16241403324460052,0.03163202807930913,0.14524246520112752,0.18474628900110848
no_transcript,all,boundary_f1,30.0,20,0.8720928490644072,0.08138656010647517,0.8367380322864505,0.906684758976814
no_transcript,all,boundary_f1,5.0,20,0.3709160285714487,0.13140024056838087,0.3142505436765066,0.4362059158684496
no_transcript,all,internal_boundary_f1,30.0,20,0.8670325091673334,0.08391973323631517,0.827917154625647,0.9053376929426262
no_transcript,all,internal_boundary_f1,5.0,20,0.333649593670619,0.15375902966914054,0.265217897450853,0.40444726123956054
no_transcript,all,match_rate,,20,0.9515451430234713,0.05553062993390711,0.9266480627001138,0.9745823162260856
no_transcript,all,mean_iou_matched,,20,0.7853119307831399,0.07190597315206715,0.7542874025775332,0.8180729085031103
no_transcript,all,offset_f1,30.0,20,0.8711944318523266,0.09300305947912808,0.8303364478200004,0.9112598036150666
no_transcript,all,offset_f1,5.0,20,0.309267697590066,0.12654042757656306,0.25836791340080817,0.3653043519499112
no_transcript,all,offset_mae_sec,,20,16.88401585782638,9.107740466490684,13.305154114345997,21.281164160341667
no_transcript,all,onset_f1,30.0,20,0.8913616215260951,0.08411280199795176,0.8572321650833163,0.9278134609359937
no_transcript,all,onset_f1,5.0,20,0.37951302490776173,0.1579485383364632,0.3131686741744308,0.4535579384880371
no_transcript,all,onset_mae_sec,,20,12.139233961323766,6.6386203224358,9.58097737371365,15.616905719898696
no_transcript,all,pk,,20,0.11799466893920126,0.0457673268496949,0.09722893107993413,0.13759231164981797
no_transcript,all,topic_count_error,,20,1.35,1.1947803145348521,0.85,1.9
no_transcript,all,window_diff,,20,0.1715197593530205,0.05662270614379304,0.147963800191846,0.19489547615797387
no_transcript,news7,boundary_f1,30.0,10,0.911860163267143,0.06576340388809507,0.8696435857270359,0.9506390257543792
no_transcript,news7,boundary_f1,5.0,10,0.3739062194302686,0.1481177107396117,0.29317739511334306,0.48052859800046493
no_transcript,news7,internal_boundary_f1,30.0,10,0.8982705632860432,0.07356907352164338,0.85169654906497,0.9405865153078776
no_transcript,news7,internal_boundary_f1,5.0,10,0.28630252100840337,0.16989849940426804,0.1850763305322129,0.3945354808590102
no_transcript,news7,match_rate,,10,0.9798076923076924,0.04179098810019371,0.951923076923077,1.0
no_transcript,news7,mean_iou_matched,,10,0.8395494017145401,0.051482955417994254,0.8048582511931744,0.871422177329749
no_transcript,news7,offset_f1,30.0,10,0.9148203842940685,0.07867495933820584,0.8639720133667502,0.9601165413533834
no_transcript,news7,offset_f1,5.0,10,0.30764486975013294,0.14484264485881798,0.22756087187666135,0.40592382471329835
no_transcript,news7,offset_mae_sec,,10,18.05113286435786,11.699573743979988,10.78299520202019,25.508296527777773
no_transcript,news7,onset_f1,30.0,10,0.9148203842940685,0.07867495933820584,0.8623621553884712,0.9589229323308271
no_transcript,news7,onset_f1,5.0,10,0.36238474975317075,0.16622643658862246,0.26643274853801174,0.47583230804283433
no_transcript,news7,onset_mae_sec,,10,10.866924386724389,6.824927972282609,7.554553134920647,15.750330699855674
no_transcript,news7,pk,,10,0.12066790712738966,0.04979409528397182,0.0922445304555404,0.1536615651074394
no_transcript,news7,topic_count_error,,10,1.4,1.1135528725660044,0.7,2.1
no_transcript,news7,window_diff,,10,0.15653849275425552,0.0610517593125478,0.12016975437663088,0.19602616101377968
no_transcript,wbs,boundary_f1,30.0,10,0.8323255348616714,0.07589361292745822,0.7873085634061544,0.8808503669525046
no_transcript,wbs,boundary_f1,5.0,10,0.36792583771262866,0.1121396795312396,0.30402717961671955,0.44381126335228455
no_transcript,wbs,internal_boundary_f1,30.0,10,0.8357944550486236,0.08198172127876283,0.7861325501049979,0.8873439066706849
no_transcript,wbs,internal_boundary_f1,5.0,10,0.3809966663328347,0.11804527830627937,0.31474981288679094,0.4584436748877818
no_transcript,wbs,match_rate,,10,0.9232825937392501,0.053134467638591164,0.8893556716546267,0.9579595588235293
no_transcript,wbs,mean_iou_matched,,10,0.7310744598517396,0.04250925481882082,0.7069681889518112,0.7580728287163769
no_transcript,wbs,offset_f1,30.0,10,0.8275684794105846,0.0854572493425214,0.778918918918919,0.8811309360980412
no_transcript,wbs,offset_f1,5.0,10,0.31089052542999907,0.10507283527356158,0.25445821674769037,0.38103213269660635
no_transcript,wbs,offset_mae_sec,,10,15.7168988512949,5.128111036747157,12.400015324509193,18.88243238095237
no_transcript,wbs,onset_f1,30.0,10,0.8679028587581218,0.08282240392440218,0.8163292416006231,0.9168865719392034
no_transcript,wbs,onset_f1,5.0,10,0.39664130006235265,0.14723280098115463,0.31218589124839125,0.4868305758766285
no_transcript,wbs,onset_mae_sec,,10,13.41154353592314,6.1907491014282865,9.894255879281534,17.55389631657268
no_transcript,wbs,pk,,10,0.11532143075101284,0.04117708202341159,0.09157659771431167,0.1409728996007733
no_transcript,wbs,topic_count_error,,10,1.3,1.2688577540449522,0.6,2.1
no_transcript,wbs,window_diff,,10,0.18650102595178553,0.04728707740100743,0.1576550072856511,0.21383979614731446
no_vlm_no_ocr,all,boundary_f1,30.0,20,0.8601822286806657,0.08443018080182117,0.8187741574395149,0.8948001394984795
no_vlm_no_ocr,all,boundary_f1,5.0,20,0.6017201063167821,0.13927863678130553,0.5431200753342604,0.6616075256592808
no_vlm_no_ocr,all,internal_boundary_f1,30.0,20,0.8441069191256185,0.09157822714262952,0.8018759412055458,0.8816352220800917
no_vlm_no_ocr,all,internal_boundary_f1,5.0,20,0.5871038434057483,0.13384059309354346,0.5272897558941646,0.6443975470277346
no_vlm_no_ocr,all,match_rate,,20,0.9573878490790255,0.07262847135388727,0.9207806929590018,0.9850267379679144
no_vlm_no_ocr,all,mean_iou_matched,,20,0.8236839175165915,0.06636806027490658,0.7953707374556126,0.8503823788931263
no_vlm_no_ocr,all,offset_f1,30.0,20,0.8835984973059275,0.09678434555851165,0.8383768966241877,0.9238355129992127
no_vlm_no_ocr,all,offset_f1,5.0,20,0.6003008478879222,0.1375729592133733,0.5403029548334791,0.6570912992612393
no_vlm_no_ocr,all,offset_mae_sec,,20,11.968445660125473,7.814823724557823,8.7948172032861,15.09192973675092
no_vlm_no_ocr,all,onset_f1,30.0,20,0.8686490717315021,0.1010220269060043,0.8220471519525798,0.9088583463212913
no_vlm_no_ocr,all,onset_f1,5.0,20,0.6163141429433999,0.15231049088311807,0.5494905060110168,0.6829862330651807
no_vlm_no_ocr,all,onset_mae_sec,,20,10.237865439954344,6.727316198665452,7.569663078845175,13.189290932154508
no_vlm_no_ocr,all,pk,,20,0.09182340823042423,0.05669373314740641,0.06962305739422249,0.117690221228657
no_vlm_no_ocr,all,topic_count_error,,20,1.15,1.1947803145348521,0.7,1.7012499999999988
no_vlm_no_ocr,all,window_diff,,20,0.14680088524684526,0.056800101874867136,0.1226412557711745,0.17302774417337982
no_vlm_no_ocr,news7,boundary_f1,30.0,10,0.8580888763909753,0.090467474737188,0.7966262286876042,0.9073751633798485
no_vlm_no_ocr,news7,boundary_f1,5.0,10,0.6741686898808338,0.12436490737331765,0.5901948611733094,0.7414696497904893
no_vlm_no_ocr,news7,internal_boundary_f1,30.0,10,0.8342006285767896,0.09260113201445239,0.7758314628482973,0.8873358839947464
no_vlm_no_ocr,news7,internal_boundary_f1,5.0,10,0.6465843066462261,0.12959016160840955,0.5575652142834805,0.7155083066228576
no_vlm_no_ocr,news7,match_rate,,10,0.9568181818181818,0.08769900627988517,0.8886363636363637,1.0
no_vlm_no_ocr,news7,mean_iou_matched,,10,0.882526704239077,0.03569725222483971,0.8602193615506633,0.9032853122183119
no_vlm_no_ocr,news7,offset_f1,30.0,10,0.8563993608730451,0.10583810454130399,0.7726574397824398,0.9158955262573684
no_vlm_no_ocr,news7,offset_f1,5.0,10,0.6892998229840336,0.11134746612985306,0.6199806334016862,0.7458172529225159
no_vlm_no_ocr,news7,offset_mae_sec,,10,12.72157453379953,9.39836865354611,7.020534912587386,19.070451382575744
no_vlm_no_ocr,news7,onset_f1,30.0,10,0.8563993608730451,0.10583810454130399,0.7855240570832676,0.911664797191113
no_vlm_no_ocr,news7,onset_f1,5.0,10,0.663367217577744,0.1567503038852888,0.5633627629680261,0.7627661811872339
no_vlm_no_ocr,news7,onset_mae_sec,,10,7.7770748445998406,5.9042153930069325,4.924928563034176,12.079621085858603
no_vlm_no_ocr,news7,pk,,10,0.09754704702077809,0.07482263005505044,0.05823341258127083,0.14402773261490712
no_vlm_no_ocr,news7,topic_count_error,,10,1.7,1.345362404707371,0.9,2.5
no_vlm_no_ocr,news7,window_diff,,10,0.13631813131504847,0.06819948300769908,0.09688702258730732,0.17858478940248348
no_vlm_no_ocr,wbs,boundary_f1,30.0,10,0.862275580970356,0.07787029361390115,0.811272043105202,0.9090181582388075
no_vlm_no_ocr,wbs,boundary_f1,5.0,10,0.5292715227527307,0.11328218138996558,0.4593541790674492,0.5990509232073788
no_vlm_no_ocr,wbs,internal_boundary_f1,30.0,10,0.8540132096744475,0.08945336515716117,0.795423805461805,0.904737161859955
no_vlm_no_ocr,wbs,internal_boundary_f1,5.0,10,0.5276233801652703,0.10934874356372627,0.4599822182788961,0.5945667313322378
no_vlm_no_ocr,wbs,match_rate,,10,0.9579575163398694,0.05346049904695386,0.9224857026143791,0.9888888888888889
no_vlm_no_ocr,wbs,mean_iou_matched,,10,0.764841130794106,0.024702184809599414,0.7500828187455166,0.7801271440604023
no_vlm_no_ocr,wbs,offset_f1,30.0,10,0.9107976337388102,0.07780185519699179,0.8592906309376896,0.9554680564533505
no_vlm_no_ocr,wbs,offset_f1,5.0,10,0.5113018727918108,0.0980446064992547,0.4490487714899479,0.5707129327608237
no_vlm_no_ocr,wbs,offset_mae_sec,,10,11.215316786451421,5.716572412131452,8.124221539280187,15.420802203809147
no_vlm_no_ocr,wbs,onset_f1,30.0,10,0.880898782589959,0.09438794751061877,0.8171148459383755,0.9348945809092868
no_vlm_no_ocr,wbs,onset_f1,5.0,10,0.569261068309056,0.13190272867872035,0.48740039174791494,0.6426434376382133
no_vlm_no_ocr,wbs,onset_mae_sec,,10,12.698656035308849,6.598698838275832,9.216772454527844,17.009318756357803
no_vlm_no_ocr,wbs,pk,,10,0.08609976944007039,0.027648014504098352,0.06783465646074834,0.1024074800614653
no_vlm_no_ocr,wbs,topic_count_error,,10,0.6,0.66332495807108,0.2,1.0
no_vlm_no_ocr,wbs,window_diff,,10,0.157283639178642,0.03976879937191886,0.13309619728085337,0.1813120189808769
no_ocr,all,boundary_f1,30.0,20,0.8677227632876399,0.08804181260627816,0.8288432055399362,0.9038220427972632
no_ocr,all,boundary_f1,5.0,20,0.646629365199342,0.14921745750140827,0.5831179830881126,0.7137815547256097
no_ocr,all,internal_boundary_f1,30.0,20,0.8571889271474207,0.0917969309275569,0.8182021934809406,0.8974727306257262
no_ocr,all,internal_boundary_f1,5.0,20,0.6361704522499307,0.15028025887059746,0.5741851961420154,0.6976577731451179
no_ocr,all,match_rate,,20,0.9188033977546362,0.08541914696091484,0.880231888838071,0.9546200335397316
no_ocr,all,mean_iou_matched,,20,0.8530359808038593,0.07721438579527785,0.8196266647422917,0.8887930764753231
no_ocr,all,offset_f1,30.0,20,0.8818324181575994,0.09845427923827801,0.8377938296403632,0.9237302663352092
no_ocr,all,offset_f1,5.0,20,0.6129750097063978,0.16884659198145446,0.539710130543363,0.6892601883350781
no_ocr,all,offset_mae_sec,,20,10.824412705391008,10.603781004824883,6.826234660247839,16.01087035257838
no_ocr,all,onset_f1,30.0,20,0.8816132661128895,0.09810909577647747,0.8339177989488353,0.9215211124750703
no_ocr,all,onset_f1,5.0,20,0.6738090950485969,0.16586139813294234,0.6013514747391405,0.7494315375141121
no_ocr,all,onset_mae_sec,,20,8.196272030338942,6.69790401031304,5.359505737795711,11.405662713291616
no_ocr,all,pk,,20,0.07922711744762514,0.05184612108045526,0.06033247517120008,0.10331622954580993
no_ocr,all,topic_count_error,,20,1.35,1.6515144564913746,0.75,2.15
no_ocr,all,window_diff,,20,0.1353203382392591,0.06852488014302889,0.1055879164558694,0.16689537773739507
no_ocr,news7,boundary_f1,30.0,10,0.8865600116893024,0.10674821039161274,0.8097313241106718,0.9476876248179738
no_ocr,news7,boundary_f1,5.0,10,0.7363582457461175,0.15634425691966752,0.6296811879005815,0.8242641212715583
no_ocr,news7,internal_boundary_f1,30.0,10,0.8693400167084377,0.11368731568960373,0.7942130325814536,0.9360100250626567
no_ocr,news7,internal_boundary_f1,5.0,10,0.712217241822505,0.17255623150286747,0.599486111111111,0.8050894945697578
no_ocr,news7,match_rate,,10,0.9470959595959597,0.06736900945808642,0.9053030303030303,0.9888888888888889
no_ocr,news7,mean_iou_matched,,10,0.914852430041836,0.04883966177594563,0.8847094193593021,0.9412559751666759
no_ocr,news7,offset_f1,30.0,10,0.8887127304427077,0.11874722049590271,0.8095834289280515,0.9557312252964426
no_ocr,news7,offset_f1,5.0,10,0.7375059432050279,0.14269045906145955,0.640560016134387,0.8189663008298592
no_ocr,news7,offset_mae_sec,,10,10.36257678710179,13.694470849322801,3.9151829807692446,20.09621638888888
no_ocr,news7,onset_f1,30.0,10,0.8887127304427077,0.11874722049590271,0.8093282227307399,0.9583167404677703
no_ocr,news7,onset_f1,5.0,10,0.7218313400304247,0.1787121636249478,0.610772450890071,0.8158169473039039
no_ocr,news7,onset_mae_sec,,10,6.910381793206794,6.975929120907049,3.4821027185314635,11.681301176948052
no_ocr,news7,pk,,10,0.08298560601484026,0.07072220666864905,0.04149210194643117,0.13248431886463416
no_ocr,news7,topic_count_error,,10,1.5,2.0615528128088303,0.5,2.9
no_ocr,news7,window_diff,,10,0.11839083171973355,0.0910077129785947,0.06486734226325488,0.17965054010302794
no_ocr,wbs,boundary_f1,30.0,10,0.8488855148859775,0.05829114218724931,0.8105700178021178,0.8854337322560265
no_ocr,wbs,boundary_f1,5.0,10,0.556900484652566,0.06313183480820955,0.5168473701599049,0.5933388953553385
no_ocr,wbs,internal_boundary_f1,30.0,10,0.8450378375864037,0.06027644110006808,0.8090687277954854,0.8822760511150891
no_ocr,wbs,internal_boundary_f1,5.0,10,0.5601236626773566,0.0618581520364584,0.5211097357501808,0.5966459465086702
no_ocr,wbs,match_rate,,10,0.8905108359133127,0.09194204581477816,0.8277205882352942,0.9408423955108359
no_ocr,wbs,mean_iou_matched,,10,0.7912195315658824,0.04354610651151854,0.7629008303526852,0.8179842498483073
no_ocr,wbs,offset_f1,30.0,10,0.8749521058724914,0.07204797312120506,0.8314501708990807,0.9172211064797272
no_ocr,wbs,offset_f1,5.0,10,0.48844407620776786,0.07511237810276705,0.4449554998331621,0.5360406078455013
no_ocr,wbs,offset_mae_sec,,10,11.286248623680226,6.075790197396046,8.393523810803135,15.269526813725461
no_ocr,wbs,onset_f1,30.0,10,0.8745138017830716,0.0710568940013058,0.8321750193898394,0.9194705362251001
no_ocr,wbs,onset_f1,5.0,10,0.6257868500667689,0.13590326459481872,0.5404363626569509,0.7111014637830054
no_ocr,wbs,onset_mae_sec,,10,9.482162267471086,6.144365041150508,6.19245837104072,13.176781989064857
no_ocr,wbs,pk,,10,0.07546862888041002,0.018605309819392256,0.06314376859320293,0.08604124577029496
no_ocr,wbs,topic_count_error,,10,1.2,1.0770329614269007,0.6,2.0
no_ocr,wbs,window_diff,,10,0.1522498447587846,0.023145154863369616,0.13748220350517062,0.16609331638432004
