condition,group,dimension,stratum,n_boundaries,recall_at_5,recall_at_30,median_nearest_error_sec,median_matched_error_at_30_sec
full,all,all,all,265,0.6566037735849056,0.939622641509434,2.009999999999991,1.740000000000009
full,all,direction,topic_to_non_editorial,57,0.3508771929824561,0.9649122807017544,8.989999999999782,8.61999999999989
full,all,direction,topic_to_program_end,20,0.6,0.8,3.189999999999941,2.3400000000001455
full,all,direction,topic_to_topic,188,0.7553191489361702,0.9468085106382979,1.3150000000000546,1.205000000000041
full,all,presentation,broadcaster_service_or_broadcast_announcement,3,0.0,1.0,19.190000000000055,19.190000000000055
full,all,presentation,bumper,42,0.5238095238095238,0.9047619047619048,4.360000000000127,3.7949999999998454
full,all,presentation,other (WBS ending),10,0.3,0.6,27.460000000000036,9.740000000000236
full,all,presentation,program_teaser,23,0.4782608695652174,0.9565217391304348,5.059999999999945,4.845000000000027
full,all,presentation,sponsor,9,0.2222222222222222,0.8888888888888888,13.789999999999964,12.81499999999994
full,all,presentation,studio,133,0.8120300751879699,0.9774436090225563,1.1299999999999955,1.079999999999984
full,all,presentation,vtr,45,0.6222222222222222,0.9333333333333333,1.6800000000000637,1.5399999999999636
full,news7,all,all,94,0.7553191489361702,0.9574468085106383,0.8550000000000182,0.7699999999999818
full,news7,direction,topic_to_non_editorial,1,0.0,1.0,24.769999999999982,24.769999999999982
full,news7,direction,topic_to_program_end,10,0.9,1.0,2.2450000000001182,2.2450000000001182
full,news7,direction,topic_to_topic,83,0.7469879518072289,0.9518072289156626,0.7200000000000273,0.7100000000000364
full,news7,presentation,broadcaster_service_or_broadcast_announcement,1,0.0,1.0,24.769999999999982,24.769999999999982
full,news7,presentation,bumper,10,0.4,0.9,14.345000000000027,9.25
full,news7,presentation,studio,79,0.8227848101265823,0.9620253164556962,0.7100000000000364,0.6900000000000546
full,news7,presentation,vtr,4,0.5,1.0,8.549999999999955,8.549999999999955
full,wbs,all,all,171,0.6023391812865497,0.9298245614035088,2.6900000000000546,2.430000000000291
full,wbs,direction,topic_to_non_editorial,56,0.35714285714285715,0.9642857142857143,8.804999999999836,8.125
full,wbs,direction,topic_to_program_end,10,0.3,0.6,27.460000000000036,9.740000000000236
full,wbs,direction,topic_to_topic,105,0.7619047619047619,0.9428571428571428,1.5100000000002183,1.4600000000000364
full,wbs,presentation,broadcaster_service_or_broadcast_announcement,2,0.0,1.0,14.565000000000055,14.565000000000055
full,wbs,presentation,bumper,32,0.5625,0.90625,4.035000000000082,3.6599999999998545
full,wbs,presentation,other (WBS ending),10,0.3,0.6,27.460000000000036,9.740000000000236
full,wbs,presentation,program_teaser,23,0.4782608695652174,0.9565217391304348,5.059999999999945,4.845000000000027
full,wbs,presentation,sponsor,9,0.2222222222222222,0.8888888888888888,13.789999999999964,12.81499999999994
full,wbs,presentation,studio,54,0.7962962962962963,1.0,1.3999999999999773,1.3999999999999773
full,wbs,presentation,vtr,41,0.6341463414634146,0.926829268292683,1.5399999999999636,1.5
no_vlm,all,all,all,265,0.6150943396226415,0.9132075471698113,1.9800000000000182,1.5399999999999636
no_vlm,all,direction,topic_to_non_editorial,57,0.38596491228070173,0.8947368421052632,11.839999999999918,9.5
no_vlm,all,direction,topic_to_program_end,20,0.6,0.95,3.189999999999941,2.939999999999827
no_vlm,all,direction,topic_to_topic,188,0.6861702127659575,0.9148936170212766,1.4249999999999545,1.240000000000009
no_vlm,all,presentation,broadcaster_service_or_broadcast_announcement,3,0.0,0.6666666666666666,24.769999999999982,21.980000000000018
no_vlm,all,presentation,bumper,42,0.35714285714285715,0.8095238095238095,9.615000000000009,7.3599999999999
no_vlm,all,presentation,other (WBS ending),10,0.4,0.9,13.454999999999927,12.769999999999982
no_vlm,all,presentation,program_teaser,23,0.6956521739130435,0.9565217391304348,2.9299999999998363,2.7999999999999545
no_vlm,all,presentation,sponsor,9,0.2222222222222222,0.6666666666666666,13.789999999999964,10.669999999999959
no_vlm,all,presentation,studio,133,0.7969924812030075,0.9624060150375939,0.9399999999999409,0.9000000000000341
no_vlm,all,presentation,vtr,45,0.4444444444444444,0.9111111111111111,7.460000000000036,6.539999999999964
no_vlm,news7,all,all,94,0.7659574468085106,0.9361702127659575,0.8199999999999363,0.7300000000000182
no_vlm,news7,direction,topic_to_non_editorial,1,0.0,1.0,24.769999999999982,24.769999999999982
no_vlm,news7,direction,topic_to_program_end,10,0.8,1.0,2.724999999999909,2.724999999999909
no_vlm,news7,direction,topic_to_topic,83,0.7710843373493976,0.927710843373494,0.7400000000000091,0.7100000000000364
no_vlm,news7,presentation,broadcaster_service_or_broadcast_announcement,1,0.0,1.0,24.769999999999982,24.769999999999982
no_vlm,news7,presentation,bumper,10,0.4,0.8,12.585000000000036,4.350000000000023
no_vlm,news7,presentation,studio,79,0.8354430379746836,0.9493670886075949,0.7100000000000364,0.6900000000000546
no_vlm,news7,presentation,vtr,4,0.5,1.0,8.549999999999955,8.549999999999955
no_vlm,wbs,all,all,171,0.5321637426900585,0.9005847953216374,3.6399999999999864,2.509999999999991
no_vlm,wbs,direction,topic_to_non_editorial,56,0.39285714285714285,0.8928571428571429,11.049999999999955,9.309999999999945
no_vlm,wbs,direction,topic_to_program_end,10,0.4,0.9,13.454999999999927,12.769999999999982
no_vlm,wbs,direction,topic_to_topic,105,0.6190476190476191,0.9047619047619048,1.7999999999997272,1.5300000000002
no_vlm,wbs,presentation,broadcaster_service_or_broadcast_announcement,2,0.0,0.5,34.625,19.190000000000055
no_vlm,wbs,presentation,bumper,32,0.34375,0.8125,9.615000000000009,7.519999999999982
no_vlm,wbs,presentation,other (WBS ending),10,0.4,0.9,13.454999999999927,12.769999999999982
no_vlm,wbs,presentation,program_teaser,23,0.6956521739130435,0.9565217391304348,2.9299999999998363,2.7999999999999545
no_vlm,wbs,presentation,sponsor,9,0.2222222222222222,0.6666666666666666,13.789999999999964,10.669999999999959
no_vlm,wbs,presentation,studio,54,0.7407407407407407,0.9814814814814815,1.3800000000000523,1.3400000000000318
no_vlm,wbs,presentation,vtr,41,0.43902439024390244,0.9024390243902439,7.460000000000036,6.539999999999964
no_transcript,all,all,all,265,0.32075471698113206,0.9018867924528302,8.339999999999918,7.460000000000036
no_transcript,all,direction,topic_to_non_editorial,57,0.2807017543859649,0.8771929824561403,9.490000000000236,7.520000000000209
no_transcript,all,direction,topic_to_program_end,20,0.35,0.7,9.350000000000136,5.064999999999941
no_transcript,all,direction,topic_to_topic,188,0.32978723404255317,0.9308510638297872,7.995000000000061,7.5
no_transcript,all,presentation,broadcaster_service_or_broadcast_announcement,3,0.0,0.6666666666666666,25.950000000000273,25.860000000000127
no_transcript,all,presentation,bumper,42,0.38095238095238093,0.9523809523809523,6.235000000000014,5.8799999999999955
no_transcript,all,presentation,other (WBS ending),10,0.1,0.4,28.554999999999836,13.095000000000027
no_transcript,all,presentation,program_teaser,23,0.30434782608695654,0.9130434782608695,6.930000000000064,6.440000000000055
no_transcript,all,presentation,sponsor,9,0.1111111111111111,0.7777777777777778,20.700000000000045,13.789999999999964
no_transcript,all,presentation,studio,133,0.3157894736842105,0.9097744360902256,8.549999999999955,7.469999999999999
no_transcript,all,presentation,vtr,45,0.4,0.9777777777777777,6.949999999999818,6.8599999999999
no_transcript,news7,all,all,94,0.32978723404255317,0.9893617021276596,7.299999999999983,7.2999999999999545
no_transcript,news7,direction,topic_to_non_editorial,1,0.0,1.0,25.769999999999982,25.769999999999982
no_transcript,news7,direction,topic_to_program_end,10,0.6,1.0,3.8150000000000546,3.8150000000000546
no_transcript,news7,direction,topic_to_topic,83,0.30120481927710846,0.9879518072289156,7.860000000000014,7.699999999999989
no_transcript,news7,presentation,broadcaster_service_or_broadcast_announcement,1,0.0,1.0,25.769999999999982,25.769999999999982
no_transcript,news7,presentation,bumper,10,0.2,1.0,7.345000000000027,7.345000000000027
no_transcript,news7,presentation,studio,79,0.34177215189873417,0.9873417721518988,7.2999999999999545,7.215000000000032
no_transcript,news7,presentation,vtr,4,0.5,1.0,7.615000000000009,7.615000000000009
no_transcript,wbs,all,all,171,0.3157894736842105,0.8538011695906432,9.049999999999955,7.485000000000127
no_transcript,wbs,direction,topic_to_non_editorial,56,0.2857142857142857,0.875,9.1550000000002,7.470000000000255
no_transcript,wbs,direction,topic_to_program_end,10,0.1,0.4,28.554999999999836,13.095000000000027
no_transcript,wbs,direction,topic_to_topic,105,0.3523809523809524,0.8857142857142857,8.13000000000011,7.460000000000036
no_transcript,wbs,presentation,broadcaster_service_or_broadcast_announcement,2,0.0,0.5,42.74500000000012,25.950000000000273
no_transcript,wbs,presentation,bumper,32,0.4375,0.9375,5.669999999999845,5.214999999999691
no_transcript,wbs,presentation,other (WBS ending),10,0.1,0.4,28.554999999999836,13.095000000000027
no_transcript,wbs,presentation,program_teaser,23,0.30434782608695654,0.9130434782608695,6.930000000000064,6.440000000000055
no_transcript,wbs,presentation,sponsor,9,0.1111111111111111,0.7777777777777778,20.700000000000045,13.789999999999964
no_transcript,wbs,presentation,studio,54,0.2777777777777778,0.7962962962962963,10.74499999999989,8.200000000000045
no_transcript,wbs,presentation,vtr,41,0.3902439024390244,0.975609756097561,6.949999999999818,6.8599999999999
no_vlm_no_ocr,all,all,all,265,0.6037735849056604,0.9320754716981132,2.939999999999827,2.3200000000001637
no_vlm_no_ocr,all,direction,topic_to_non_editorial,57,0.3508771929824561,0.8771929824561403,12.690000000000055,11.120000000000118
no_vlm_no_ocr,all,direction,topic_to_program_end,20,0.65,0.95,2.3750000000001137,2.2400000000002365
no_vlm_no_ocr,all,direction,topic_to_topic,188,0.675531914893617,0.9468085106382979,1.7450000000000045,1.5399999999999636
no_vlm_no_ocr,all,presentation,broadcaster_service_or_broadcast_announcement,3,0.0,0.6666666666666666,24.210000000000036,15.700000000000045
no_vlm_no_ocr,all,presentation,bumper,42,0.35714285714285715,0.9047619047619048,8.355000000000018,7.519999999999982
no_vlm_no_ocr,all,presentation,other (WBS ending),10,0.4,0.9,13.454999999999927,12.769999999999982
no_vlm_no_ocr,all,presentation,program_teaser,23,0.6086956521739131,0.8695652173913043,4.3900000000001,3.520000000000209
no_vlm_no_ocr,all,presentation,sponsor,9,0.2222222222222222,0.7777777777777778,13.789999999999964,11.839999999999918
no_vlm_no_ocr,all,presentation,studio,133,0.7593984962406015,0.9699248120300752,1.3099999999999454,1.25
no_vlm_no_ocr,all,presentation,vtr,45,0.5333333333333333,0.9333333333333333,3.3099999999999454,3.009999999999877
no_vlm_no_ocr,news7,all,all,94,0.7553191489361702,0.9361702127659575,1.0,0.8600000000000705
no_vlm_no_ocr,news7,direction,topic_to_non_editorial,1,0.0,1.0,24.210000000000036,24.210000000000036
no_vlm_no_ocr,news7,direction,topic_to_program_end,10,0.9,1.0,2.1100000000001273,2.1100000000001273
no_vlm_no_ocr,news7,direction,topic_to_topic,83,0.7469879518072289,0.927710843373494,0.8400000000000318,0.8199999999999363
no_vlm_no_ocr,news7,presentation,broadcaster_service_or_broadcast_announcement,1,0.0,1.0,24.210000000000036,24.210000000000036
no_vlm_no_ocr,news7,presentation,bumper,10,0.3,0.8,18.79499999999996,14.410000000000082
no_vlm_no_ocr,news7,presentation,studio,79,0.8354430379746836,0.9620253164556962,0.8299999999999272,0.82000000000005
no_vlm_no_ocr,news7,presentation,vtr,4,0.5,0.75,8.079999999999814,0.7999999999997272
no_vlm_no_ocr,wbs,all,all,171,0.52046783625731,0.9298245614035088,4.2999999999999545,3.6599999999998545
no_vlm_no_ocr,wbs,direction,topic_to_non_editorial,56,0.35714285714285715,0.875,12.510000000000048,10.510000000000218
no_vlm_no_ocr,wbs,direction,topic_to_program_end,10,0.4,0.9,13.454999999999927,12.769999999999982
no_vlm_no_ocr,wbs,direction,topic_to_topic,105,0.6190476190476191,0.9619047619047619,2.959999999999809,2.4700000000000273
no_vlm_no_ocr,wbs,presentation,broadcaster_service_or_broadcast_announcement,2,0.0,0.5,28.625,7.190000000000055
no_vlm_no_ocr,wbs,presentation,bumper,32,0.375,0.9375,7.519999999999982,7.3599999999999
no_vlm_no_ocr,wbs,presentation,other (WBS ending),10,0.4,0.9,13.454999999999927,12.769999999999982
no_vlm_no_ocr,wbs,presentation,program_teaser,23,0.6086956521739131,0.8695652173913043,4.3900000000001,3.520000000000209
no_vlm_no_ocr,wbs,presentation,sponsor,9,0.2222222222222222,0.7777777777777778,13.789999999999964,11.839999999999918
no_vlm_no_ocr,wbs,presentation,studio,54,0.6481481481481481,0.9814814814814815,1.8899999999996453,1.8799999999996544
no_vlm_no_ocr,wbs,presentation,vtr,41,0.5365853658536586,0.9512195121951219,3.3099999999999454,3.0599999999999454
no_ocr,all,all,all,265,0.5962264150943396,0.9018867924528302,2.619999999999891,2.2100000000000364
no_ocr,all,direction,topic_to_non_editorial,57,0.3508771929824561,0.9298245614035088,8.989999999999782,7.630000000000109
no_ocr,all,direction,topic_to_program_end,20,0.55,0.8,3.605000000000018,2.724999999999909
no_ocr,all,direction,topic_to_topic,188,0.675531914893617,0.9042553191489362,1.6650000000000347,1.4250000000000398
no_ocr,all,presentation,broadcaster_service_or_broadcast_announcement,3,0.0,0.6666666666666666,24.210000000000036,20.25
no_ocr,all,presentation,bumper,42,0.47619047619047616,0.8333333333333334,5.399999999999864,3.730000000000018
no_ocr,all,presentation,other (WBS ending),10,0.2,0.6,21.095000000000027,9.714999999999918
no_ocr,all,presentation,program_teaser,23,0.5217391304347826,0.9565217391304348,3.1900000000000546,3.134999999999991
no_ocr,all,presentation,sponsor,9,0.3333333333333333,0.8888888888888888,11.839999999999918,11.059999999999945
no_ocr,all,presentation,studio,133,0.7669172932330827,0.9624060150375939,1.25,1.1249999999999432
no_ocr,all,presentation,vtr,45,0.4222222222222222,0.8444444444444444,6.949999999999818,4.699999999999932
no_ocr,news7,all,all,94,0.7978723404255319,0.9574468085106383,0.8949999999999818,0.8349999999999795
no_ocr,news7,direction,topic_to_non_editorial,1,0.0,1.0,24.210000000000036,24.210000000000036
no_ocr,news7,direction,topic_to_program_end,10,0.9,1.0,2.3750000000001137,2.3750000000001137
no_ocr,news7,direction,topic_to_topic,83,0.7951807228915663,0.9518072289156626,0.7999999999997272,0.7799999999999727
no_ocr,news7,presentation,broadcaster_service_or_broadcast_announcement,1,0.0,1.0,24.210000000000036,24.210000000000036
no_ocr,news7,presentation,bumper,10,0.6,0.9,3.044999999999959,2.5299999999999727
no_ocr,news7,presentation,studio,79,0.8481012658227848,0.9620253164556962,0.8299999999999272,0.82000000000005
no_ocr,news7,presentation,vtr,4,0.5,1.0,9.029999999999859,9.029999999999859
no_ocr,wbs,all,all,171,0.4853801169590643,0.8713450292397661,5.209999999999582,3.4600000000000364
no_ocr,wbs,direction,topic_to_non_editorial,56,0.35714285714285715,0.9285714285714286,8.804999999999836,7.035000000000082
no_ocr,wbs,direction,topic_to_program_end,10,0.2,0.6,21.095000000000027,9.714999999999918
no_ocr,wbs,direction,topic_to_topic,105,0.580952380952381,0.8666666666666667,3.050000000000182,1.9700000000000273
no_ocr,wbs,presentation,broadcaster_service_or_broadcast_announcement,2,0.0,0.5,24.654999999999973,16.289999999999964
no_ocr,wbs,presentation,bumper,32,0.4375,0.8125,6.150000000000091,4.5150000000001
no_ocr,wbs,presentation,other (WBS ending),10,0.2,0.6,21.095000000000027,9.714999999999918
no_ocr,wbs,presentation,program_teaser,23,0.5217391304347826,0.9565217391304348,3.1900000000000546,3.134999999999991
no_ocr,wbs,presentation,sponsor,9,0.3333333333333333,0.8888888888888888,11.839999999999918,11.059999999999945
no_ocr,wbs,presentation,studio,54,0.6481481481481481,0.9629629629629629,1.7749999999998636,1.6449999999999818
no_ocr,wbs,presentation,vtr,41,0.4146341463414634,0.8292682926829268,6.949999999999818,4.699999999999932
