program_id,group,condition,metric,tolerance_sec,value,true_positive,false_positive,false_negative
news7_20260507,news7,full,boundary_f1,5.0,0.8000000000000002,8,2,2
news7_20260507,news7,full,onset_f1,5.0,0.8888888888888888,8,1,1
news7_20260507,news7,full,offset_f1,5.0,0.7777777777777778,7,2,2
news7_20260507,news7,full,internal_boundary_f1,5.0,0.823529411764706,7,2,1
news7_20260507,news7,full,boundary_f1,30.0,1.0,10,0,0
news7_20260507,news7,full,onset_f1,30.0,1.0,9,0,0
news7_20260507,news7,full,offset_f1,30.0,1.0,9,0,0
news7_20260507,news7,full,internal_boundary_f1,30.0,1.0,8,0,0
news7_20260507,news7,full,pk,,0.01668584579976985,,,
news7_20260507,news7,full,window_diff,,0.024165707710011506,,,
news7_20260507,news7,full,topic_count_error,,0.0,,,
news7_20260507,news7,full,match_rate,,1.0,,,
news7_20260507,news7,full,mean_iou_matched,,0.9441078772102354,,,
news7_20260507,news7,full,onset_mae_sec,,1.8433333333333113,,,
news7_20260507,news7,full,offset_mae_sec,,2.9355555555555384,,,
news7_20260507,news7,no_vlm,boundary_f1,5.0,0.6666666666666666,7,4,3
news7_20260507,news7,no_vlm,onset_f1,5.0,0.7368421052631577,7,3,2
news7_20260507,news7,no_vlm,offset_f1,5.0,0.7368421052631577,7,3,2
news7_20260507,news7,no_vlm,internal_boundary_f1,5.0,0.7368421052631579,7,4,1
news7_20260507,news7,no_vlm,boundary_f1,30.0,0.8571428571428572,9,2,1
news7_20260507,news7,no_vlm,onset_f1,30.0,0.8421052631578948,8,2,1
news7_20260507,news7,no_vlm,offset_f1,30.0,0.8421052631578948,8,2,1
news7_20260507,news7,no_vlm,internal_boundary_f1,30.0,0.823529411764706,7,2,1
news7_20260507,news7,no_vlm,pk,,0.03452243958573072,,,
news7_20260507,news7,no_vlm,window_diff,,0.05466052934407365,,,
news7_20260507,news7,no_vlm,topic_count_error,,1.0,,,
news7_20260507,news7,no_vlm,match_rate,,1.0,,,
news7_20260507,news7,no_vlm,mean_iou_matched,,0.9017021538431282,,,
news7_20260507,news7,no_vlm,onset_mae_sec,,5.276666666666638,,,
news7_20260507,news7,no_vlm,offset_mae_sec,,5.3599999999999755,,,
news7_20260507,news7,no_transcript,boundary_f1,5.0,0.2727272727272727,3,9,7
news7_20260507,news7,no_transcript,onset_f1,5.0,0.19999999999999998,2,9,7
news7_20260507,news7,no_transcript,offset_f1,5.0,0.19999999999999998,2,9,7
news7_20260507,news7,no_transcript,internal_boundary_f1,5.0,0.11111111111111112,1,9,7
news7_20260507,news7,no_transcript,boundary_f1,30.0,0.9090909090909091,10,2,0
news7_20260507,news7,no_transcript,onset_f1,30.0,0.9,9,2,0
news7_20260507,news7,no_transcript,offset_f1,30.0,0.9,9,2,0
news7_20260507,news7,no_transcript,internal_boundary_f1,30.0,0.888888888888889,8,2,0
news7_20260507,news7,no_transcript,pk,,0.20310701956271576,,,
news7_20260507,news7,no_transcript,window_diff,,0.20771001150747986,,,
news7_20260507,news7,no_transcript,topic_count_error,,2.0,,,
news7_20260507,news7,no_transcript,match_rate,,1.0,,,
news7_20260507,news7,no_transcript,mean_iou_matched,,0.8121048828336818,,,
news7_20260507,news7,no_transcript,onset_mae_sec,,11.733333333333361,,,
news7_20260507,news7,no_transcript,offset_mae_sec,,33.323333333333345,,,
news7_20260507,news7,no_vlm_no_ocr,boundary_f1,5.0,0.761904761904762,8,3,2
news7_20260507,news7,no_vlm_no_ocr,onset_f1,5.0,0.8421052631578948,8,2,1
news7_20260507,news7,no_vlm_no_ocr,offset_f1,5.0,0.7368421052631577,7,3,2
news7_20260507,news7,no_vlm_no_ocr,internal_boundary_f1,5.0,0.7777777777777777,7,3,1
news7_20260507,news7,no_vlm_no_ocr,boundary_f1,30.0,0.8571428571428572,9,2,1
news7_20260507,news7,no_vlm_no_ocr,onset_f1,30.0,0.8421052631578948,8,2,1
news7_20260507,news7,no_vlm_no_ocr,offset_f1,30.0,0.8421052631578948,8,2,1
news7_20260507,news7,no_vlm_no_ocr,internal_boundary_f1,30.0,0.823529411764706,7,2,1
news7_20260507,news7,no_vlm_no_ocr,pk,,0.02991944764096663,,,
news7_20260507,news7,no_vlm_no_ocr,window_diff,,0.05005753739930955,,,
news7_20260507,news7,no_vlm_no_ocr,topic_count_error,,1.0,,,
news7_20260507,news7,no_vlm_no_ocr,match_rate,,1.0,,,
news7_20260507,news7,no_vlm_no_ocr,mean_iou_matched,,0.9015603405444015,,,
news7_20260507,news7,no_vlm_no_ocr,onset_mae_sec,,4.547777777777764,,,
news7_20260507,news7,no_vlm_no_ocr,offset_mae_sec,,5.536666666666658,,,
news7_20260507,news7,no_ocr,boundary_f1,5.0,0.8421052631578948,8,1,2
news7_20260507,news7,no_ocr,onset_f1,5.0,0.8888888888888888,8,1,1
news7_20260507,news7,no_ocr,offset_f1,5.0,0.7777777777777778,7,2,2
news7_20260507,news7,no_ocr,internal_boundary_f1,5.0,0.875,7,1,1
news7_20260507,news7,no_ocr,boundary_f1,30.0,0.9473684210526316,9,0,1
news7_20260507,news7,no_ocr,onset_f1,30.0,1.0,9,0,0
news7_20260507,news7,no_ocr,offset_f1,30.0,1.0,9,0,0
news7_20260507,news7,no_ocr,internal_boundary_f1,30.0,0.9333333333333333,7,0,1
news7_20260507,news7,no_ocr,pk,,0.02819332566168009,,,
news7_20260507,news7,no_ocr,window_diff,,0.056962025316455694,,,
news7_20260507,news7,no_ocr,topic_count_error,,0.0,,,
news7_20260507,news7,no_ocr,match_rate,,0.8888888888888888,,,
news7_20260507,news7,no_ocr,mean_iou_matched,,0.9618263215084943,,,
news7_20260507,news7,no_ocr,onset_mae_sec,,1.1037499999999931,,,
news7_20260507,news7,no_ocr,offset_mae_sec,,5.507500000000022,,,
news7_20260517,news7,full,boundary_f1,5.0,0.8275862068965518,12,3,2
news7_20260517,news7,full,onset_f1,5.0,0.8461538461538461,11,2,2
news7_20260517,news7,full,offset_f1,5.0,0.8461538461538461,11,2,2
news7_20260517,news7,full,internal_boundary_f1,5.0,0.8,10,3,2
news7_20260517,news7,full,boundary_f1,30.0,0.896551724137931,13,2,1
news7_20260517,news7,full,onset_f1,30.0,0.9230769230769231,12,1,1
news7_20260517,news7,full,offset_f1,30.0,0.9230769230769231,12,1,1
news7_20260517,news7,full,internal_boundary_f1,30.0,0.8799999999999999,11,2,1
news7_20260517,news7,full,pk,,0.04206935758953951,,,
news7_20260517,news7,full,window_diff,,0.11768050028425242,,,
news7_20260517,news7,full,topic_count_error,,0.0,,,
news7_20260517,news7,full,match_rate,,1.0,,,
news7_20260517,news7,full,mean_iou_matched,,0.8621494600803975,,,
news7_20260517,news7,full,onset_mae_sec,,5.653076923076933,,,
news7_20260517,news7,full,offset_mae_sec,,5.949230769230785,,,
news7_20260517,news7,no_vlm,boundary_f1,5.0,0.8571428571428571,12,2,2
news7_20260517,news7,no_vlm,onset_f1,5.0,0.8461538461538461,11,2,2
news7_20260517,news7,no_vlm,offset_f1,5.0,0.8461538461538461,11,2,2
news7_20260517,news7,no_vlm,internal_boundary_f1,5.0,0.8333333333333334,10,2,2
news7_20260517,news7,no_vlm,boundary_f1,30.0,0.9285714285714286,13,1,1
news7_20260517,news7,no_vlm,onset_f1,30.0,0.9230769230769231,12,1,1
news7_20260517,news7,no_vlm,offset_f1,30.0,0.9230769230769231,12,1,1
news7_20260517,news7,no_vlm,internal_boundary_f1,30.0,0.9166666666666666,11,1,1
news7_20260517,news7,no_vlm,pk,,0.04263786242183058,,,
news7_20260517,news7,no_vlm,window_diff,,0.0847072200113701,,,
news7_20260517,news7,no_vlm,topic_count_error,,0.0,,,
news7_20260517,news7,no_vlm,match_rate,,1.0,,,
news7_20260517,news7,no_vlm,mean_iou_matched,,0.8617004829328281,,,
news7_20260517,news7,no_vlm,onset_mae_sec,,5.70846153846155,,,
news7_20260517,news7,no_vlm,offset_mae_sec,,5.949230769230785,,,
news7_20260517,news7,no_transcript,boundary_f1,5.0,0.3225806451612903,5,12,9
news7_20260517,news7,no_transcript,onset_f1,5.0,0.28571428571428575,4,11,9
news7_20260517,news7,no_transcript,offset_f1,5.0,0.28571428571428575,4,11,9
news7_20260517,news7,no_transcript,internal_boundary_f1,5.0,0.22222222222222224,3,12,9
news7_20260517,news7,no_transcript,boundary_f1,30.0,0.9032258064516129,14,3,0
news7_20260517,news7,no_transcript,onset_f1,30.0,0.9285714285714286,13,2,0
news7_20260517,news7,no_transcript,offset_f1,30.0,0.9285714285714286,13,2,0
news7_20260517,news7,no_transcript,internal_boundary_f1,30.0,0.888888888888889,12,3,0
news7_20260517,news7,no_transcript,pk,,0.1739624786810688,,,
news7_20260517,news7,no_transcript,window_diff,,0.23308698123934055,,,
news7_20260517,news7,no_transcript,topic_count_error,,2.0,,,
news7_20260517,news7,no_transcript,match_rate,,0.9230769230769231,,,
news7_20260517,news7,no_transcript,mean_iou_matched,,0.7605209212105719,,,
news7_20260517,news7,no_transcript,onset_mae_sec,,10.622499999999954,,,
news7_20260517,news7,no_transcript,offset_mae_sec,,26.644999999999957,,,
news7_20260517,news7,no_vlm_no_ocr,boundary_f1,5.0,0.7586206896551724,11,4,3
news7_20260517,news7,no_vlm_no_ocr,onset_f1,5.0,0.7692307692307693,10,3,3
news7_20260517,news7,no_vlm_no_ocr,offset_f1,5.0,0.8461538461538461,11,2,2
news7_20260517,news7,no_vlm_no_ocr,internal_boundary_f1,5.0,0.7692307692307692,10,4,2
news7_20260517,news7,no_vlm_no_ocr,boundary_f1,30.0,0.896551724137931,13,2,1
news7_20260517,news7,no_vlm_no_ocr,onset_f1,30.0,0.9230769230769231,12,1,1
news7_20260517,news7,no_vlm_no_ocr,offset_f1,30.0,0.9230769230769231,12,1,1
news7_20260517,news7,no_vlm_no_ocr,internal_boundary_f1,30.0,0.8799999999999999,11,2,1
news7_20260517,news7,no_vlm_no_ocr,pk,,0.05230244457077885,,,
news7_20260517,news7,no_vlm_no_ocr,window_diff,,0.12791358726549176,,,
news7_20260517,news7,no_vlm_no_ocr,topic_count_error,,0.0,,,
news7_20260517,news7,no_vlm_no_ocr,match_rate,,1.0,,,
news7_20260517,news7,no_vlm_no_ocr,mean_iou_matched,,0.8505847698965584,,,
news7_20260517,news7,no_vlm_no_ocr,onset_mae_sec,,6.569230769230784,,,
news7_20260517,news7,no_vlm_no_ocr,offset_mae_sec,,6.267692307692327,,,
news7_20260517,news7,no_ocr,boundary_f1,5.0,0.9285714285714286,13,1,1
news7_20260517,news7,no_ocr,onset_f1,5.0,0.9230769230769231,12,1,1
news7_20260517,news7,no_ocr,offset_f1,5.0,0.9230769230769231,12,1,1
news7_20260517,news7,no_ocr,internal_boundary_f1,5.0,0.9166666666666666,11,1,1
news7_20260517,news7,no_ocr,boundary_f1,30.0,1.0,14,0,0
news7_20260517,news7,no_ocr,onset_f1,30.0,1.0,13,0,0
news7_20260517,news7,no_ocr,offset_f1,30.0,1.0,13,0,0
news7_20260517,news7,no_ocr,internal_boundary_f1,30.0,1.0,12,0,0
news7_20260517,news7,no_ocr,pk,,0.0244457077885162,,,
news7_20260517,news7,no_ocr,window_diff,,0.036384309266628764,,,
news7_20260517,news7,no_ocr,topic_count_error,,0.0,,,
news7_20260517,news7,no_ocr,match_rate,,1.0,,,
news7_20260517,news7,no_ocr,mean_iou_matched,,0.9441838802801146,,,
news7_20260517,news7,no_ocr,onset_mae_sec,,2.3007692307692427,,,
news7_20260517,news7,no_ocr,offset_mae_sec,,2.1938461538461698,,,
news7_20260522,news7,full,boundary_f1,5.0,0.8799999999999999,11,2,1
news7_20260522,news7,full,onset_f1,5.0,0.8695652173913043,10,2,1
news7_20260522,news7,full,offset_f1,5.0,0.8695652173913043,10,2,1
news7_20260522,news7,full,internal_boundary_f1,5.0,0.8571428571428572,9,2,1
news7_20260522,news7,full,boundary_f1,30.0,0.9600000000000001,12,1,0
news7_20260522,news7,full,onset_f1,30.0,0.9565217391304348,11,1,0
news7_20260522,news7,full,offset_f1,30.0,0.9565217391304348,11,1,0
news7_20260522,news7,full,internal_boundary_f1,30.0,0.9523809523809523,10,1,0
news7_20260522,news7,full,pk,,0.06910336950314107,,,
news7_20260522,news7,full,window_diff,,0.07766990291262135,,,
news7_20260522,news7,full,topic_count_error,,1.0,,,
news7_20260522,news7,full,match_rate,,1.0,,,
news7_20260522,news7,full,mean_iou_matched,,0.9340600643471355,,,
news7_20260522,news7,full,onset_mae_sec,,3.011818181818211,,,
news7_20260522,news7,full,offset_mae_sec,,8.707272727272755,,,
news7_20260522,news7,no_vlm,boundary_f1,5.0,0.7692307692307692,10,4,2
news7_20260522,news7,no_vlm,onset_f1,5.0,0.8333333333333333,10,3,1
news7_20260522,news7,no_vlm,offset_f1,5.0,0.7500000000000001,9,4,2
news7_20260522,news7,no_vlm,internal_boundary_f1,5.0,0.7826086956521738,9,4,1
news7_20260522,news7,no_vlm,boundary_f1,30.0,0.923076923076923,12,2,0
news7_20260522,news7,no_vlm,onset_f1,30.0,0.9166666666666666,11,2,0
news7_20260522,news7,no_vlm,offset_f1,30.0,0.9166666666666666,11,2,0
news7_20260522,news7,no_vlm,internal_boundary_f1,30.0,0.9090909090909091,10,2,0
news7_20260522,news7,no_vlm,pk,,0.07310108509423187,,,
news7_20260522,news7,no_vlm,window_diff,,0.08166761850371217,,,
news7_20260522,news7,no_vlm,topic_count_error,,2.0,,,
news7_20260522,news7,no_vlm,match_rate,,1.0,,,
news7_20260522,news7,no_vlm,mean_iou_matched,,0.9299016333727514,,,
news7_20260522,news7,no_vlm,onset_mae_sec,,3.011818181818211,,,
news7_20260522,news7,no_vlm,offset_mae_sec,,9.33636363636365,,,
news7_20260522,news7,no_transcript,boundary_f1,5.0,0.25,3,9,9
news7_20260522,news7,no_transcript,onset_f1,5.0,0.2727272727272727,3,8,8
news7_20260522,news7,no_transcript,offset_f1,5.0,0.18181818181818182,2,9,9
news7_20260522,news7,no_transcript,internal_boundary_f1,5.0,0.1904761904761905,2,9,8
news7_20260522,news7,no_transcript,boundary_f1,30.0,1.0,12,0,0
news7_20260522,news7,no_transcript,onset_f1,30.0,1.0,11,0,0
news7_20260522,news7,no_transcript,offset_f1,30.0,1.0,11,0,0
news7_20260522,news7,no_transcript,internal_boundary_f1,30.0,1.0,10,0,0
news7_20260522,news7,no_transcript,pk,,0.0885208452312964,,,
news7_20260522,news7,no_transcript,window_diff,,0.1102227298686465,,,
news7_20260522,news7,no_transcript,topic_count_error,,0.0,,,
news7_20260522,news7,no_transcript,match_rate,,1.0,,,
news7_20260522,news7,no_transcript,mean_iou_matched,,0.8467270294397552,,,
news7_20260522,news7,no_transcript,onset_mae_sec,,8.415454545454558,,,
news7_20260522,news7,no_transcript,offset_mae_sec,,8.874545454545471,,,
news7_20260522,news7,no_vlm_no_ocr,boundary_f1,5.0,0.6923076923076924,9,5,3
news7_20260522,news7,no_vlm_no_ocr,onset_f1,5.0,0.6666666666666667,8,5,3
news7_20260522,news7,no_vlm_no_ocr,offset_f1,5.0,0.6666666666666667,8,5,3
news7_20260522,news7,no_vlm_no_ocr,internal_boundary_f1,5.0,0.6363636363636365,7,5,3
news7_20260522,news7,no_vlm_no_ocr,boundary_f1,30.0,0.923076923076923,12,2,0
news7_20260522,news7,no_vlm_no_ocr,onset_f1,30.0,0.9166666666666666,11,2,0
news7_20260522,news7,no_vlm_no_ocr,offset_f1,30.0,0.9166666666666666,11,2,0
news7_20260522,news7,no_vlm_no_ocr,internal_boundary_f1,30.0,0.9090909090909091,10,2,0
news7_20260522,news7,no_vlm_no_ocr,pk,,0.07938320959451742,,,
news7_20260522,news7,no_vlm_no_ocr,window_diff,,0.12050256996002284,,,
news7_20260522,news7,no_vlm_no_ocr,topic_count_error,,2.0,,,
news7_20260522,news7,no_vlm_no_ocr,match_rate,,1.0,,,
news7_20260522,news7,no_vlm_no_ocr,mean_iou_matched,,0.8934262503521847,,,
news7_20260522,news7,no_vlm_no_ocr,onset_mae_sec,,5.424545454545446,,,
news7_20260522,news7,no_vlm_no_ocr,offset_mae_sec,,9.833636363636375,,,
news7_20260522,news7,no_ocr,boundary_f1,5.0,0.8,10,3,2
news7_20260522,news7,no_ocr,onset_f1,5.0,0.7826086956521738,9,3,2
news7_20260522,news7,no_ocr,offset_f1,5.0,0.7826086956521738,9,3,2
news7_20260522,news7,no_ocr,internal_boundary_f1,5.0,0.761904761904762,8,3,2
news7_20260522,news7,no_ocr,boundary_f1,30.0,0.8799999999999999,11,2,1
news7_20260522,news7,no_ocr,onset_f1,30.0,0.8695652173913043,10,2,1
news7_20260522,news7,no_ocr,offset_f1,30.0,0.8695652173913043,10,2,1
news7_20260522,news7,no_ocr,internal_boundary_f1,30.0,0.8571428571428572,9,2,1
news7_20260522,news7,no_ocr,pk,,0.11250713877784123,,,
news7_20260522,news7,no_ocr,window_diff,,0.11650485436893204,,,
news7_20260522,news7,no_ocr,topic_count_error,,1.0,,,
news7_20260522,news7,no_ocr,match_rate,,1.0,,,
news7_20260522,news7,no_ocr,mean_iou_matched,,0.9167127785129959,,,
news7_20260522,news7,no_ocr,onset_mae_sec,,6.882727272727272,,,
news7_20260522,news7,no_ocr,offset_mae_sec,,8.932727272727277,,,
news7_20260526,news7,full,boundary_f1,5.0,0.8888888888888888,8,1,1
news7_20260526,news7,full,onset_f1,5.0,0.875,7,1,1
news7_20260526,news7,full,offset_f1,5.0,0.875,7,1,1
news7_20260526,news7,full,internal_boundary_f1,5.0,0.8571428571428571,6,1,1
news7_20260526,news7,full,boundary_f1,30.0,1.0,9,0,0
news7_20260526,news7,full,onset_f1,30.0,1.0,8,0,0
news7_20260526,news7,full,offset_f1,30.0,1.0,8,0,0
news7_20260526,news7,full,internal_boundary_f1,30.0,1.0,7,0,0
news7_20260526,news7,full,pk,,0.010410641989589358,,,
news7_20260526,news7,full,window_diff,,0.019086176980913822,,,
news7_20260526,news7,full,topic_count_error,,0.0,,,
news7_20260526,news7,full,match_rate,,1.0,,,
news7_20260526,news7,full,mean_iou_matched,,0.9657696057545795,,,
news7_20260526,news7,full,onset_mae_sec,,2.1412500000000056,,,
news7_20260526,news7,full,offset_mae_sec,,2.105000000000018,,,
news7_20260526,news7,no_vlm,boundary_f1,5.0,0.7368421052631577,7,3,2
news7_20260526,news7,no_vlm,onset_f1,5.0,0.75,6,2,2
news7_20260526,news7,no_vlm,offset_f1,5.0,0.75,6,2,2
news7_20260526,news7,no_vlm,internal_boundary_f1,5.0,0.6666666666666666,5,3,2
news7_20260526,news7,no_vlm,boundary_f1,30.0,0.8421052631578948,8,2,1
news7_20260526,news7,no_vlm,onset_f1,30.0,0.875,7,1,1
news7_20260526,news7,no_vlm,offset_f1,30.0,0.875,7,1,1
news7_20260526,news7,no_vlm,internal_boundary_f1,30.0,0.7999999999999999,6,2,1
news7_20260526,news7,no_vlm,pk,,0.05147484094852516,,,
news7_20260526,news7,no_vlm,window_diff,,0.10757663389242336,,,
news7_20260526,news7,no_vlm,topic_count_error,,0.0,,,
news7_20260526,news7,no_vlm,match_rate,,1.0,,,
news7_20260526,news7,no_vlm,mean_iou_matched,,0.884229391436286,,,
news7_20260526,news7,no_vlm,onset_mae_sec,,7.706250000000003,,,
news7_20260526,news7,no_vlm,offset_mae_sec,,7.831250000000011,,,
news7_20260526,news7,no_transcript,boundary_f1,5.0,0.28571428571428575,3,9,6
news7_20260526,news7,no_transcript,onset_f1,5.0,0.2105263157894737,2,9,6
news7_20260526,news7,no_transcript,offset_f1,5.0,0.2105263157894737,2,9,6
news7_20260526,news7,no_transcript,internal_boundary_f1,5.0,0.11764705882352941,1,9,6
news7_20260526,news7,no_transcript,boundary_f1,30.0,0.8571428571428571,9,3,0
news7_20260526,news7,no_transcript,onset_f1,30.0,0.8421052631578948,8,3,0
news7_20260526,news7,no_transcript,offset_f1,30.0,0.8421052631578948,8,3,0
news7_20260526,news7,no_transcript,internal_boundary_f1,30.0,0.8235294117647058,7,3,0
news7_20260526,news7,no_transcript,pk,,0.14401388085598613,,,
news7_20260526,news7,no_transcript,window_diff,,0.22903412377096588,,,
news7_20260526,news7,no_transcript,topic_count_error,,3.0,,,
news7_20260526,news7,no_transcript,match_rate,,1.0,,,
news7_20260526,news7,no_transcript,mean_iou_matched,,0.7463632227081476,,,
news7_20260526,news7,no_transcript,onset_mae_sec,,12.707500000000021,,,
news7_20260526,news7,no_transcript,offset_mae_sec,,34.703750000000014,,,
news7_20260526,news7,no_vlm_no_ocr,boundary_f1,5.0,0.6,6,5,3
news7_20260526,news7,no_vlm_no_ocr,onset_f1,5.0,0.5555555555555556,5,5,3
news7_20260526,news7,no_vlm_no_ocr,offset_f1,5.0,0.6666666666666665,6,4,2
news7_20260526,news7,no_vlm_no_ocr,internal_boundary_f1,5.0,0.588235294117647,5,5,2
news7_20260526,news7,no_vlm_no_ocr,boundary_f1,30.0,0.9,9,2,0
news7_20260526,news7,no_vlm_no_ocr,onset_f1,30.0,0.888888888888889,8,2,0
news7_20260526,news7,no_vlm_no_ocr,offset_f1,30.0,0.888888888888889,8,2,0
news7_20260526,news7,no_vlm_no_ocr,internal_boundary_f1,30.0,0.8750000000000001,7,2,0
news7_20260526,news7,no_vlm_no_ocr,pk,,0.14227877385772122,,,
news7_20260526,news7,no_vlm_no_ocr,window_diff,,0.15905147484094853,,,
news7_20260526,news7,no_vlm_no_ocr,topic_count_error,,2.0,,,
news7_20260526,news7,no_vlm_no_ocr,match_rate,,1.0,,,
news7_20260526,news7,no_vlm_no_ocr,mean_iou_matched,,0.8620307263412942,,,
news7_20260526,news7,no_vlm_no_ocr,onset_mae_sec,,7.6787500000000435,,,
news7_20260526,news7,no_vlm_no_ocr,offset_mae_sec,,26.828750000000035,,,
news7_20260526,news7,no_ocr,boundary_f1,5.0,0.7777777777777778,7,2,2
news7_20260526,news7,no_ocr,onset_f1,5.0,0.75,6,2,2
news7_20260526,news7,no_ocr,offset_f1,5.0,0.875,7,1,1
news7_20260526,news7,no_ocr,internal_boundary_f1,5.0,0.7999999999999999,6,2,1
news7_20260526,news7,no_ocr,boundary_f1,30.0,1.0,9,0,0
news7_20260526,news7,no_ocr,onset_f1,30.0,1.0,8,0,0
news7_20260526,news7,no_ocr,offset_f1,30.0,1.0,8,0,0
news7_20260526,news7,no_ocr,internal_boundary_f1,30.0,1.0,7,0,0
news7_20260526,news7,no_ocr,pk,,0.021399652978600348,,,
news7_20260526,news7,no_ocr,window_diff,,0.03701561596298438,,,
news7_20260526,news7,no_ocr,topic_count_error,,0.0,,,
news7_20260526,news7,no_ocr,match_rate,,1.0,,,
news7_20260526,news7,no_ocr,mean_iou_matched,,0.9421225143080108,,,
news7_20260526,news7,no_ocr,onset_mae_sec,,4.438750000000034,,,
news7_20260526,news7,no_ocr,offset_mae_sec,,3.9612500000000566,,,
news7_20260601,news7,full,boundary_f1,5.0,0.8181818181818182,9,2,2
news7_20260601,news7,full,onset_f1,5.0,0.8421052631578948,8,2,1
news7_20260601,news7,full,offset_f1,5.0,0.7368421052631577,7,3,2
news7_20260601,news7,full,internal_boundary_f1,5.0,0.7777777777777778,7,2,2
news7_20260601,news7,full,boundary_f1,30.0,0.9090909090909091,10,1,1
news7_20260601,news7,full,onset_f1,30.0,0.9473684210526316,9,1,0
news7_20260601,news7,full,offset_f1,30.0,0.9473684210526316,9,1,0
news7_20260601,news7,full,internal_boundary_f1,30.0,0.8888888888888888,8,1,1
news7_20260601,news7,full,pk,,0.07339449541284404,,,
news7_20260601,news7,full,window_diff,,0.12213302752293578,,,
news7_20260601,news7,full,topic_count_error,,1.0,,,
news7_20260601,news7,full,match_rate,,1.0,,,
news7_20260601,news7,full,mean_iou_matched,,0.8646776328298051,,,
news7_20260601,news7,full,onset_mae_sec,,3.327777777777781,,,
news7_20260601,news7,full,offset_mae_sec,,19.553333333333335,,,
news7_20260601,news7,no_vlm,boundary_f1,5.0,0.7826086956521738,9,3,2
news7_20260601,news7,no_vlm,onset_f1,5.0,0.8421052631578948,8,2,1
news7_20260601,news7,no_vlm,offset_f1,5.0,0.7368421052631577,7,3,2
news7_20260601,news7,no_vlm,internal_boundary_f1,5.0,0.7368421052631577,7,3,2
news7_20260601,news7,no_vlm,boundary_f1,30.0,0.8695652173913043,10,2,1
news7_20260601,news7,no_vlm,onset_f1,30.0,0.9473684210526316,9,1,0
news7_20260601,news7,no_vlm,offset_f1,30.0,0.9473684210526316,9,1,0
news7_20260601,news7,no_vlm,internal_boundary_f1,30.0,0.8421052631578948,8,2,1
news7_20260601,news7,no_vlm,pk,,0.07339449541284404,,,
news7_20260601,news7,no_vlm,window_diff,,0.16456422018348624,,,
news7_20260601,news7,no_vlm,topic_count_error,,1.0,,,
news7_20260601,news7,no_vlm,match_rate,,1.0,,,
news7_20260601,news7,no_vlm,mean_iou_matched,,0.8662580573645337,,,
news7_20260601,news7,no_vlm,onset_mae_sec,,3.327777777777781,,,
news7_20260601,news7,no_vlm,offset_mae_sec,,19.36,,,
news7_20260601,news7,no_transcript,boundary_f1,5.0,0.7272727272727273,8,3,3
news7_20260601,news7,no_transcript,onset_f1,5.0,0.7368421052631577,7,3,2
news7_20260601,news7,no_transcript,offset_f1,5.0,0.631578947368421,6,4,3
news7_20260601,news7,no_transcript,internal_boundary_f1,5.0,0.6666666666666666,6,3,3
news7_20260601,news7,no_transcript,boundary_f1,30.0,0.9090909090909091,10,1,1
news7_20260601,news7,no_transcript,onset_f1,30.0,0.9473684210526316,9,1,0
news7_20260601,news7,no_transcript,offset_f1,30.0,0.9473684210526316,9,1,0
news7_20260601,news7,no_transcript,internal_boundary_f1,30.0,0.8888888888888888,8,1,1
news7_20260601,news7,no_transcript,pk,,0.09288990825688073,,,
news7_20260601,news7,no_transcript,window_diff,,0.14220183486238533,,,
news7_20260601,news7,no_transcript,topic_count_error,,1.0,,,
news7_20260601,news7,no_transcript,match_rate,,1.0,,,
news7_20260601,news7,no_transcript,mean_iou_matched,,0.8289798540481117,,,
news7_20260601,news7,no_transcript,onset_mae_sec,,5.244444444444448,,,
news7_20260601,news7,no_transcript,offset_mae_sec,,17.591111111111104,,,
news7_20260601,news7,no_vlm_no_ocr,boundary_f1,5.0,0.7826086956521738,9,3,2
news7_20260601,news7,no_vlm_no_ocr,onset_f1,5.0,0.8421052631578948,8,2,1
news7_20260601,news7,no_vlm_no_ocr,offset_f1,5.0,0.7368421052631577,7,3,2
news7_20260601,news7,no_vlm_no_ocr,internal_boundary_f1,5.0,0.7368421052631577,7,3,2
news7_20260601,news7,no_vlm_no_ocr,boundary_f1,30.0,0.8695652173913043,10,2,1
news7_20260601,news7,no_vlm_no_ocr,onset_f1,30.0,0.9473684210526316,9,1,0
news7_20260601,news7,no_vlm_no_ocr,offset_f1,30.0,0.9473684210526316,9,1,0
news7_20260601,news7,no_vlm_no_ocr,internal_boundary_f1,30.0,0.8421052631578948,8,2,1
news7_20260601,news7,no_vlm_no_ocr,pk,,0.0779816513761468,,,
news7_20260601,news7,no_vlm_no_ocr,window_diff,,0.17259174311926606,,,
news7_20260601,news7,no_vlm_no_ocr,topic_count_error,,1.0,,,
news7_20260601,news7,no_vlm_no_ocr,match_rate,,1.0,,,
news7_20260601,news7,no_vlm_no_ocr,mean_iou_matched,,0.8560608922735276,,,
news7_20260601,news7,no_vlm_no_ocr,onset_mae_sec,,4.202222222222206,,,
news7_20260601,news7,no_vlm_no_ocr,offset_mae_sec,,20.029999999999998,,,
news7_20260601,news7,no_ocr,boundary_f1,5.0,0.8181818181818182,9,2,2
news7_20260601,news7,no_ocr,onset_f1,5.0,0.8421052631578948,8,2,1
news7_20260601,news7,no_ocr,offset_f1,5.0,0.7368421052631577,7,3,2
news7_20260601,news7,no_ocr,internal_boundary_f1,5.0,0.7777777777777778,7,2,2
news7_20260601,news7,no_ocr,boundary_f1,30.0,0.9090909090909091,10,1,1
news7_20260601,news7,no_ocr,onset_f1,30.0,0.9473684210526316,9,1,0
news7_20260601,news7,no_ocr,offset_f1,30.0,0.9473684210526316,9,1,0
news7_20260601,news7,no_ocr,internal_boundary_f1,30.0,0.8888888888888888,8,1,1
news7_20260601,news7,no_ocr,pk,,0.07396788990825688,,,
news7_20260601,news7,no_ocr,window_diff,,0.12327981651376146,,,
news7_20260601,news7,no_ocr,topic_count_error,,1.0,,,
news7_20260601,news7,no_ocr,match_rate,,1.0,,,
news7_20260601,news7,no_ocr,mean_iou_matched,,0.8640572120635925,,,
news7_20260601,news7,no_ocr,onset_mae_sec,,3.6099999999999914,,,
news7_20260601,news7,no_ocr,offset_mae_sec,,19.437777777777782,,,
news7_20260605,news7,full,boundary_f1,5.0,0.34782608695652173,4,10,5
news7_20260605,news7,full,onset_f1,5.0,0.2857142857142857,3,10,5
news7_20260605,news7,full,offset_f1,5.0,0.380952380952381,4,9,4
news7_20260605,news7,full,internal_boundary_f1,5.0,0.3,3,10,4
news7_20260605,news7,full,boundary_f1,30.0,0.6086956521739131,7,7,2
news7_20260605,news7,full,onset_f1,30.0,0.5714285714285714,6,7,2
news7_20260605,news7,full,offset_f1,30.0,0.5714285714285714,6,7,2
news7_20260605,news7,full,internal_boundary_f1,30.0,0.6,6,7,1
news7_20260605,news7,full,pk,,0.28455754771544245,,,
news7_20260605,news7,full,window_diff,,0.3267784846732215,,,
news7_20260605,news7,full,topic_count_error,,5.0,,,
news7_20260605,news7,full,match_rate,,0.75,,,
news7_20260605,news7,full,mean_iou_matched,,0.8888837680014919,,,
news7_20260605,news7,full,onset_mae_sec,,8.49333333333333,,,
news7_20260605,news7,full,offset_mae_sec,,18.839999999999964,,,
news7_20260605,news7,no_vlm,boundary_f1,5.0,0.4545454545454546,5,8,4
news7_20260605,news7,no_vlm,onset_f1,5.0,0.4210526315789474,4,7,4
news7_20260605,news7,no_vlm,offset_f1,5.0,0.5263157894736842,5,6,3
news7_20260605,news7,no_vlm,internal_boundary_f1,5.0,0.4210526315789474,4,8,3
news7_20260605,news7,no_vlm,boundary_f1,30.0,0.6363636363636364,7,6,2
news7_20260605,news7,no_vlm,onset_f1,30.0,0.631578947368421,6,5,2
news7_20260605,news7,no_vlm,offset_f1,30.0,0.631578947368421,6,5,2
news7_20260605,news7,no_vlm,internal_boundary_f1,30.0,0.631578947368421,6,6,1
news7_20260605,news7,no_vlm,pk,,0.26778484673221514,,,
news7_20260605,news7,no_vlm,window_diff,,0.3308270676691729,,,
news7_20260605,news7,no_vlm,topic_count_error,,3.0,,,
news7_20260605,news7,no_vlm,match_rate,,0.75,,,
news7_20260605,news7,no_vlm,mean_iou_matched,,0.9091526135804338,,,
news7_20260605,news7,no_vlm,onset_mae_sec,,4.571666666666668,,,
news7_20260605,news7,no_vlm,offset_mae_sec,,19.081666666666603,,,
news7_20260605,news7,no_transcript,boundary_f1,5.0,0.19999999999999998,2,9,7
news7_20260605,news7,no_transcript,onset_f1,5.0,0.22222222222222224,2,8,6
news7_20260605,news7,no_transcript,offset_f1,5.0,0.11111111111111112,1,9,7
news7_20260605,news7,no_transcript,internal_boundary_f1,5.0,0.11764705882352941,1,9,6
news7_20260605,news7,no_transcript,boundary_f1,30.0,0.7999999999999999,8,3,1
news7_20260605,news7,no_transcript,onset_f1,30.0,0.7777777777777777,7,3,1
news7_20260605,news7,no_transcript,offset_f1,30.0,0.7777777777777777,7,3,1
news7_20260605,news7,no_transcript,internal_boundary_f1,30.0,0.8235294117647058,7,3,0
news7_20260605,news7,no_transcript,pk,,0.18392134181607867,,,
news7_20260605,news7,no_transcript,window_diff,,0.23655292076344708,,,
news7_20260605,news7,no_transcript,topic_count_error,,2.0,,,
news7_20260605,news7,no_transcript,match_rate,,0.875,,,
news7_20260605,news7,no_transcript,mean_iou_matched,,0.8470867764997637,,,
news7_20260605,news7,no_transcript,onset_mae_sec,,10.797142857142887,,,
news7_20260605,news7,no_transcript,offset_mae_sec,,32.01428571428573,,,
news7_20260605,news7,no_vlm_no_ocr,boundary_f1,5.0,0.3636363636363637,4,9,5
news7_20260605,news7,no_vlm_no_ocr,onset_f1,5.0,0.3,3,9,5
news7_20260605,news7,no_vlm_no_ocr,offset_f1,5.0,0.4,4,8,4
news7_20260605,news7,no_vlm_no_ocr,internal_boundary_f1,5.0,0.3157894736842105,3,9,4
news7_20260605,news7,no_vlm_no_ocr,boundary_f1,30.0,0.6363636363636364,7,6,2
news7_20260605,news7,no_vlm_no_ocr,onset_f1,30.0,0.6,6,6,2
news7_20260605,news7,no_vlm_no_ocr,offset_f1,30.0,0.6,6,6,2
news7_20260605,news7,no_vlm_no_ocr,internal_boundary_f1,30.0,0.631578947368421,6,6,1
news7_20260605,news7,no_vlm_no_ocr,pk,,0.28224407171775595,,,
news7_20260605,news7,no_vlm_no_ocr,window_diff,,0.29381145170618855,,,
news7_20260605,news7,no_vlm_no_ocr,topic_count_error,,4.0,,,
news7_20260605,news7,no_vlm_no_ocr,match_rate,,0.75,,,
news7_20260605,news7,no_vlm_no_ocr,mean_iou_matched,,0.8935922158671031,,,
news7_20260605,news7,no_vlm_no_ocr,onset_mae_sec,,7.359999999999968,,,
news7_20260605,news7,no_vlm_no_ocr,offset_mae_sec,,19.598333333333272,,,
news7_20260605,news7,no_ocr,boundary_f1,5.0,0.380952380952381,4,8,5
news7_20260605,news7,no_ocr,onset_f1,5.0,0.3157894736842105,3,8,5
news7_20260605,news7,no_ocr,offset_f1,5.0,0.4210526315789474,4,7,4
news7_20260605,news7,no_ocr,internal_boundary_f1,5.0,0.33333333333333326,3,8,4
news7_20260605,news7,no_ocr,boundary_f1,30.0,0.6666666666666666,7,5,2
news7_20260605,news7,no_ocr,onset_f1,30.0,0.631578947368421,6,5,2
news7_20260605,news7,no_ocr,offset_f1,30.0,0.631578947368421,6,5,2
news7_20260605,news7,no_ocr,internal_boundary_f1,30.0,0.6666666666666665,6,5,1
news7_20260605,news7,no_ocr,pk,,0.24407171775592829,,,
news7_20260605,news7,no_ocr,window_diff,,0.28629265471370735,,,
news7_20260605,news7,no_ocr,topic_count_error,,3.0,,,
news7_20260605,news7,no_ocr,match_rate,,0.875,,,
news7_20260605,news7,no_ocr,mean_iou_matched,,0.8066556725527771,,,
news7_20260605,news7,no_ocr,onset_mae_sec,,12.068571428571426,,,
news7_20260605,news7,no_ocr,offset_mae_sec,,48.779999999999966,,,
news7_20260614,news7,full,boundary_f1,5.0,0.5599999999999999,7,6,5
news7_20260614,news7,full,onset_f1,5.0,0.5454545454545454,6,5,5
news7_20260614,news7,full,offset_f1,5.0,0.5454545454545454,6,5,5
news7_20260614,news7,full,internal_boundary_f1,5.0,0.5454545454545454,6,6,4
news7_20260614,news7,full,boundary_f1,30.0,0.8799999999999999,11,2,1
news7_20260614,news7,full,onset_f1,30.0,0.9090909090909091,10,1,1
news7_20260614,news7,full,offset_f1,30.0,0.9090909090909091,10,1,1
news7_20260614,news7,full,internal_boundary_f1,30.0,0.8571428571428572,9,2,1
news7_20260614,news7,full,pk,,0.053714285714285714,,,
news7_20260614,news7,full,window_diff,,0.12228571428571429,,,
news7_20260614,news7,full,topic_count_error,,0.0,,,
news7_20260614,news7,full,match_rate,,0.8181818181818182,,,
news7_20260614,news7,full,mean_iou_matched,,0.9285138468260242,,,
news7_20260614,news7,full,onset_mae_sec,,3.4300000000000144,,,
news7_20260614,news7,full,offset_mae_sec,,7.044444444444435,,,
news7_20260614,news7,no_vlm,boundary_f1,5.0,0.5833333333333334,7,5,5
news7_20260614,news7,no_vlm,onset_f1,5.0,0.5454545454545454,6,5,5
news7_20260614,news7,no_vlm,offset_f1,5.0,0.6363636363636364,7,4,4
news7_20260614,news7,no_vlm,internal_boundary_f1,5.0,0.5714285714285713,6,5,4
news7_20260614,news7,no_vlm,boundary_f1,30.0,0.9166666666666666,11,1,1
news7_20260614,news7,no_vlm,onset_f1,30.0,0.9090909090909091,10,1,1
news7_20260614,news7,no_vlm,offset_f1,30.0,0.9090909090909091,10,1,1
news7_20260614,news7,no_vlm,internal_boundary_f1,30.0,0.9,9,1,1
news7_20260614,news7,no_vlm,pk,,0.044571428571428574,,,
news7_20260614,news7,no_vlm,window_diff,,0.08342857142857144,,,
news7_20260614,news7,no_vlm,topic_count_error,,0.0,,,
news7_20260614,news7,no_vlm,match_rate,,0.8181818181818182,,,
news7_20260614,news7,no_vlm,mean_iou_matched,,0.9326768572761901,,,
news7_20260614,news7,no_vlm,onset_mae_sec,,3.360000000000002,,,
news7_20260614,news7,no_vlm,offset_mae_sec,,5.23888888888888,,,
news7_20260614,news7,no_transcript,boundary_f1,5.0,0.48000000000000004,6,7,6
news7_20260614,news7,no_transcript,onset_f1,5.0,0.45454545454545453,5,6,6
news7_20260614,news7,no_transcript,offset_f1,5.0,0.36363636363636365,4,7,7
news7_20260614,news7,no_transcript,internal_boundary_f1,5.0,0.380952380952381,4,7,6
news7_20260614,news7,no_transcript,boundary_f1,30.0,0.9600000000000001,12,1,0
news7_20260614,news7,no_transcript,onset_f1,30.0,1.0,11,0,0
news7_20260614,news7,no_transcript,offset_f1,30.0,1.0,11,0,0
news7_20260614,news7,no_transcript,internal_boundary_f1,30.0,0.9523809523809523,10,1,0
news7_20260614,news7,no_transcript,pk,,0.06571428571428571,,,
news7_20260614,news7,no_transcript,window_diff,,0.10742857142857143,,,
news7_20260614,news7,no_transcript,topic_count_error,,0.0,,,
news7_20260614,news7,no_transcript,match_rate,,1.0,,,
news7_20260614,news7,no_transcript,mean_iou_matched,,0.881558118256416,,,
news7_20260614,news7,no_transcript,onset_mae_sec,,6.129090909090948,,,
news7_20260614,news7,no_transcript,offset_mae_sec,,7.573636363636395,,,
news7_20260614,news7,no_vlm_no_ocr,boundary_f1,5.0,0.6666666666666666,8,4,4
news7_20260614,news7,no_vlm_no_ocr,onset_f1,5.0,0.6363636363636364,7,4,4
news7_20260614,news7,no_vlm_no_ocr,offset_f1,5.0,0.7272727272727273,8,3,3
news7_20260614,news7,no_vlm_no_ocr,internal_boundary_f1,5.0,0.6666666666666666,7,4,3
news7_20260614,news7,no_vlm_no_ocr,boundary_f1,30.0,0.9166666666666666,11,1,1
news7_20260614,news7,no_vlm_no_ocr,onset_f1,30.0,0.9090909090909091,10,1,1
news7_20260614,news7,no_vlm_no_ocr,offset_f1,30.0,0.9090909090909091,10,1,1
news7_20260614,news7,no_vlm_no_ocr,internal_boundary_f1,30.0,0.9,9,1,1
news7_20260614,news7,no_vlm_no_ocr,pk,,0.03942857142857143,,,
news7_20260614,news7,no_vlm_no_ocr,window_diff,,0.07828571428571429,,,
news7_20260614,news7,no_vlm_no_ocr,topic_count_error,,0.0,,,
news7_20260614,news7,no_vlm_no_ocr,match_rate,,0.8181818181818182,,,
news7_20260614,news7,no_vlm_no_ocr,mean_iou_matched,,0.9456797739758207,,,
news7_20260614,news7,no_vlm_no_ocr,onset_mae_sec,,2.864444444444443,,,
news7_20260614,news7,no_vlm_no_ocr,offset_mae_sec,,4.663333333333321,,,
news7_20260614,news7,no_ocr,boundary_f1,5.0,0.75,9,3,3
news7_20260614,news7,no_ocr,onset_f1,5.0,0.7272727272727273,8,3,3
news7_20260614,news7,no_ocr,offset_f1,5.0,0.7272727272727273,8,3,3
news7_20260614,news7,no_ocr,internal_boundary_f1,5.0,0.7,7,3,3
news7_20260614,news7,no_ocr,boundary_f1,30.0,0.9166666666666666,11,1,1
news7_20260614,news7,no_ocr,onset_f1,30.0,0.9090909090909091,10,1,1
news7_20260614,news7,no_ocr,offset_f1,30.0,0.9090909090909091,10,1,1
news7_20260614,news7,no_ocr,internal_boundary_f1,30.0,0.9,9,1,1
news7_20260614,news7,no_ocr,pk,,0.036,,,
news7_20260614,news7,no_ocr,window_diff,,0.07485714285714286,,,
news7_20260614,news7,no_ocr,topic_count_error,,0.0,,,
news7_20260614,news7,no_ocr,match_rate,,0.8181818181818182,,,
news7_20260614,news7,no_ocr,mean_iou_matched,,0.9488569594697862,,,
news7_20260614,news7,no_ocr,onset_mae_sec,,2.1899999999999986,,,
news7_20260614,news7,no_ocr,offset_mae_sec,,4.663333333333321,,,
news7_20260619,news7,full,boundary_f1,5.0,0.7826086956521738,9,3,2
news7_20260619,news7,full,onset_f1,5.0,0.761904761904762,8,3,2
news7_20260619,news7,full,offset_f1,5.0,0.761904761904762,8,3,2
news7_20260619,news7,full,internal_boundary_f1,5.0,0.7368421052631577,7,3,2
news7_20260619,news7,full,boundary_f1,30.0,0.9565217391304348,11,1,0
news7_20260619,news7,full,onset_f1,30.0,0.9523809523809523,10,1,0
news7_20260619,news7,full,offset_f1,30.0,0.9523809523809523,10,1,0
news7_20260619,news7,full,internal_boundary_f1,30.0,0.9473684210526316,9,1,0
news7_20260619,news7,full,pk,,0.021203438395415473,,,
news7_20260619,news7,full,window_diff,,0.055587392550143264,,,
news7_20260619,news7,full,topic_count_error,,1.0,,,
news7_20260619,news7,full,match_rate,,1.0,,,
news7_20260619,news7,full,mean_iou_matched,,0.9033557678665245,,,
news7_20260619,news7,full,onset_mae_sec,,3.8029999999999746,,,
news7_20260619,news7,full,offset_mae_sec,,3.773999999999964,,,
news7_20260619,news7,no_vlm,boundary_f1,5.0,0.7826086956521738,9,3,2
news7_20260619,news7,no_vlm,onset_f1,5.0,0.761904761904762,8,3,2
news7_20260619,news7,no_vlm,offset_f1,5.0,0.761904761904762,8,3,2
news7_20260619,news7,no_vlm,internal_boundary_f1,5.0,0.7368421052631577,7,3,2
news7_20260619,news7,no_vlm,boundary_f1,30.0,0.9565217391304348,11,1,0
news7_20260619,news7,no_vlm,onset_f1,30.0,0.9523809523809523,10,1,0
news7_20260619,news7,no_vlm,offset_f1,30.0,0.9523809523809523,10,1,0
news7_20260619,news7,no_vlm,internal_boundary_f1,30.0,0.9473684210526316,9,1,0
news7_20260619,news7,no_vlm,pk,,0.021203438395415473,,,
news7_20260619,news7,no_vlm,window_diff,,0.03954154727793696,,,
news7_20260619,news7,no_vlm,topic_count_error,,1.0,,,
news7_20260619,news7,no_vlm,match_rate,,1.0,,,
news7_20260619,news7,no_vlm,mean_iou_matched,,0.9603294605976049,,,
news7_20260619,news7,no_vlm,onset_mae_sec,,2.3729999999999793,,,
news7_20260619,news7,no_vlm,offset_mae_sec,,2.3439999999999683,,,
news7_20260619,news7,no_transcript,boundary_f1,5.0,0.34782608695652173,4,8,7
news7_20260619,news7,no_transcript,onset_f1,5.0,0.28571428571428564,3,8,7
news7_20260619,news7,no_transcript,offset_f1,5.0,0.380952380952381,4,7,6
news7_20260619,news7,no_transcript,internal_boundary_f1,5.0,0.3,3,8,6
news7_20260619,news7,no_transcript,boundary_f1,30.0,0.9565217391304348,11,1,0
news7_20260619,news7,no_transcript,onset_f1,30.0,0.9523809523809523,10,1,0
news7_20260619,news7,no_transcript,offset_f1,30.0,0.9523809523809523,10,1,0
news7_20260619,news7,no_transcript,internal_boundary_f1,30.0,0.9473684210526316,9,1,0
news7_20260619,news7,no_transcript,pk,,0.06532951289398281,,,
news7_20260619,news7,no_transcript,window_diff,,0.08595988538681948,,,
news7_20260619,news7,no_transcript,topic_count_error,,1.0,,,
news7_20260619,news7,no_transcript,match_rate,,1.0,,,
news7_20260619,news7,no_transcript,mean_iou_matched,,0.8851998497341771,,,
news7_20260619,news7,no_transcript,onset_mae_sec,,7.056999999999995,,,
news7_20260619,news7,no_transcript,offset_mae_sec,,6.304000000000011,,,
news7_20260619,news7,no_vlm_no_ocr,boundary_f1,5.0,0.7826086956521738,9,3,2
news7_20260619,news7,no_vlm_no_ocr,onset_f1,5.0,0.761904761904762,8,3,2
news7_20260619,news7,no_vlm_no_ocr,offset_f1,5.0,0.761904761904762,8,3,2
news7_20260619,news7,no_vlm_no_ocr,internal_boundary_f1,5.0,0.7368421052631577,7,3,2
news7_20260619,news7,no_vlm_no_ocr,boundary_f1,30.0,0.9565217391304348,11,1,0
news7_20260619,news7,no_vlm_no_ocr,onset_f1,30.0,0.9523809523809523,10,1,0
news7_20260619,news7,no_vlm_no_ocr,offset_f1,30.0,0.9523809523809523,10,1,0
news7_20260619,news7,no_vlm_no_ocr,internal_boundary_f1,30.0,0.9473684210526316,9,1,0
news7_20260619,news7,no_vlm_no_ocr,pk,,0.02521489971346705,,,
news7_20260619,news7,no_vlm_no_ocr,window_diff,,0.05845272206303725,,,
news7_20260619,news7,no_vlm_no_ocr,topic_count_error,,1.0,,,
news7_20260619,news7,no_vlm_no_ocr,match_rate,,1.0,,,
news7_20260619,news7,no_vlm_no_ocr,mean_iou_matched,,0.9049617540900868,,,
news7_20260619,news7,no_vlm_no_ocr,onset_mae_sec,,4.020999999999968,,,
news7_20260619,news7,no_vlm_no_ocr,offset_mae_sec,,3.8689999999999487,,,
news7_20260619,news7,no_ocr,boundary_f1,5.0,0.8695652173913043,10,2,1
news7_20260619,news7,no_ocr,onset_f1,5.0,0.8571428571428572,9,2,1
news7_20260619,news7,no_ocr,offset_f1,5.0,0.8571428571428572,9,2,1
news7_20260619,news7,no_ocr,internal_boundary_f1,5.0,0.8421052631578948,8,2,1
news7_20260619,news7,no_ocr,boundary_f1,30.0,0.9565217391304348,11,1,0
news7_20260619,news7,no_ocr,onset_f1,30.0,0.9523809523809523,10,1,0
news7_20260619,news7,no_ocr,offset_f1,30.0,0.9523809523809523,10,1,0
news7_20260619,news7,no_ocr,internal_boundary_f1,30.0,0.9473684210526316,9,1,0
news7_20260619,news7,no_ocr,pk,,0.027507163323782235,,,
news7_20260619,news7,no_ocr,window_diff,,0.04011461318051576,,,
news7_20260619,news7,no_ocr,topic_count_error,,1.0,,,
news7_20260619,news7,no_ocr,match_rate,,1.0,,,
news7_20260619,news7,no_ocr,mean_iou_matched,,0.9749107150725521,,,
news7_20260619,news7,no_ocr,onset_mae_sec,,2.5229999999999886,,,
news7_20260619,news7,no_ocr,offset_mae_sec,,2.3709999999999694,,,
news7_20260622,news7,full,boundary_f1,5.0,0.5185185185185185,7,10,3
news7_20260622,news7,full,onset_f1,5.0,0.4800000000000001,6,10,3
news7_20260622,news7,full,offset_f1,5.0,0.56,7,9,2
news7_20260622,news7,full,internal_boundary_f1,5.0,0.5,6,10,2
news7_20260622,news7,full,boundary_f1,30.0,0.7407407407407407,10,7,0
news7_20260622,news7,full,onset_f1,30.0,0.72,9,7,0
news7_20260622,news7,full,offset_f1,30.0,0.72,9,7,0
news7_20260622,news7,full,internal_boundary_f1,30.0,0.6956521739130436,8,7,0
news7_20260622,news7,full,pk,,0.17318757192174913,,,
news7_20260622,news7,full,window_diff,,0.2474108170310702,,,
news7_20260622,news7,full,topic_count_error,,7.0,,,
news7_20260622,news7,full,match_rate,,0.8888888888888888,,,
news7_20260622,news7,full,mean_iou_matched,,0.8832290448324995,,,
news7_20260622,news7,full,onset_mae_sec,,9.29999999999998,,,
news7_20260622,news7,full,offset_mae_sec,,5.118749999999995,,,
news7_20260622,news7,no_vlm,boundary_f1,5.0,0.48275862068965514,7,12,3
news7_20260622,news7,no_vlm,onset_f1,5.0,0.46153846153846156,6,11,3
news7_20260622,news7,no_vlm,offset_f1,5.0,0.5384615384615384,7,10,2
news7_20260622,news7,no_vlm,internal_boundary_f1,5.0,0.46153846153846156,6,12,2
news7_20260622,news7,no_vlm,boundary_f1,30.0,0.6896551724137931,10,9,0
news7_20260622,news7,no_vlm,onset_f1,30.0,0.6923076923076924,9,8,0
news7_20260622,news7,no_vlm,offset_f1,30.0,0.6923076923076924,9,8,0
news7_20260622,news7,no_vlm,internal_boundary_f1,30.0,0.6399999999999999,8,9,0
news7_20260622,news7,no_vlm,pk,,0.1720368239355581,,,
news7_20260622,news7,no_vlm,window_diff,,0.25776754890678943,,,
news7_20260622,news7,no_vlm,topic_count_error,,8.0,,,
news7_20260622,news7,no_vlm,match_rate,,0.8888888888888888,,,
news7_20260622,news7,no_vlm,mean_iou_matched,,0.8843502684183355,,,
news7_20260622,news7,no_vlm,onset_mae_sec,,9.15124999999998,,,
news7_20260622,news7,no_vlm,offset_mae_sec,,4.969999999999995,,,
news7_20260622,news7,no_transcript,boundary_f1,5.0,0.5,5,5,5
news7_20260622,news7,no_transcript,onset_f1,5.0,0.5555555555555556,5,4,4
news7_20260622,news7,no_transcript,offset_f1,5.0,0.4444444444444444,4,5,5
news7_20260622,news7,no_transcript,internal_boundary_f1,5.0,0.47058823529411764,4,5,4
news7_20260622,news7,no_transcript,boundary_f1,30.0,1.0,10,0,0
news7_20260622,news7,no_transcript,onset_f1,30.0,1.0,9,0,0
news7_20260622,news7,no_transcript,offset_f1,30.0,1.0,9,0,0
news7_20260622,news7,no_transcript,internal_boundary_f1,30.0,1.0,8,0,0
news7_20260622,news7,no_transcript,pk,,0.06846950517836593,,,
news7_20260622,news7,no_transcript,window_diff,,0.07192174913693901,,,
news7_20260622,news7,no_transcript,topic_count_error,,0.0,,,
news7_20260622,news7,no_transcript,match_rate,,1.0,,,
news7_20260622,news7,no_transcript,mean_iou_matched,,0.9151277362319843,,,
news7_20260622,news7,no_transcript,onset_mae_sec,,6.027777777777769,,,
news7_20260622,news7,no_transcript,offset_mae_sec,,7.573333333333327,,,
news7_20260622,news7,no_vlm_no_ocr,boundary_f1,5.0,0.5833333333333334,7,7,3
news7_20260622,news7,no_vlm_no_ocr,onset_f1,5.0,0.5454545454545455,6,7,3
news7_20260622,news7,no_vlm_no_ocr,offset_f1,5.0,0.6363636363636364,7,6,2
news7_20260622,news7,no_vlm_no_ocr,internal_boundary_f1,5.0,0.5714285714285714,6,7,2
news7_20260622,news7,no_vlm_no_ocr,boundary_f1,30.0,0.75,9,5,1
news7_20260622,news7,no_vlm_no_ocr,onset_f1,30.0,0.7272727272727274,8,5,1
news7_20260622,news7,no_vlm_no_ocr,offset_f1,30.0,0.7272727272727274,8,5,1
news7_20260622,news7,no_vlm_no_ocr,internal_boundary_f1,30.0,0.7000000000000001,7,5,1
news7_20260622,news7,no_vlm_no_ocr,pk,,0.15937859608745686,,,
news7_20260622,news7,no_vlm_no_ocr,window_diff,,0.1846950517836594,,,
news7_20260622,news7,no_vlm_no_ocr,topic_count_error,,4.0,,,
news7_20260622,news7,no_vlm_no_ocr,match_rate,,1.0,,,
news7_20260622,news7,no_vlm_no_ocr,mean_iou_matched,,0.8119405259840221,,,
news7_20260622,news7,no_vlm_no_ocr,onset_mae_sec,,10.884444444444439,,,
news7_20260622,news7,no_vlm_no_ocr,offset_mae_sec,,28.050000000000015,,,
news7_20260622,news7,no_ocr,boundary_f1,5.0,0.5714285714285714,8,10,2
news7_20260622,news7,no_ocr,onset_f1,5.0,0.56,7,9,2
news7_20260622,news7,no_ocr,offset_f1,5.0,0.56,7,9,2
news7_20260622,news7,no_ocr,internal_boundary_f1,5.0,0.5,6,10,2
news7_20260622,news7,no_ocr,boundary_f1,30.0,0.7142857142857143,10,8,0
news7_20260622,news7,no_ocr,onset_f1,30.0,0.72,9,7,0
news7_20260622,news7,no_ocr,offset_f1,30.0,0.72,9,7,0
news7_20260622,news7,no_ocr,internal_boundary_f1,30.0,0.6666666666666666,8,8,0
news7_20260622,news7,no_ocr,pk,,0.16973532796317606,,,
news7_20260622,news7,no_ocr,window_diff,,0.2899884925201381,,,
news7_20260622,news7,no_ocr,topic_count_error,,7.0,,,
news7_20260622,news7,no_ocr,match_rate,,0.8888888888888888,,,
news7_20260622,news7,no_ocr,mean_iou_matched,,0.8854139235453272,,,
news7_20260622,news7,no_ocr,onset_mae_sec,,8.53124999999999,,,
news7_20260622,news7,no_ocr,offset_mae_sec,,5.240000000000013,,,
news7_20260627,news7,full,boundary_f1,5.0,0.6666666666666665,6,5,1
news7_20260627,news7,full,onset_f1,5.0,0.7142857142857143,5,3,1
news7_20260627,news7,full,offset_f1,5.0,0.5714285714285715,4,4,2
news7_20260627,news7,full,internal_boundary_f1,5.0,0.5714285714285714,4,5,1
news7_20260627,news7,full,boundary_f1,30.0,0.7777777777777778,7,4,0
news7_20260627,news7,full,onset_f1,30.0,0.8571428571428571,6,2,0
news7_20260627,news7,full,offset_f1,30.0,0.8571428571428571,6,2,0
news7_20260627,news7,full,internal_boundary_f1,30.0,0.7142857142857143,5,4,0
news7_20260627,news7,full,pk,,0.09495896834701055,,,
news7_20260627,news7,full,window_diff,,0.23856975381008205,,,
news7_20260627,news7,full,topic_count_error,,2.0,,,
news7_20260627,news7,full,match_rate,,1.0,,,
news7_20260627,news7,full,mean_iou_matched,,0.9021055215661974,,,
news7_20260627,news7,full,onset_mae_sec,,23.753333333333362,,,
news7_20260627,news7,full,offset_mae_sec,,5.1500000000000155,,,
news7_20260627,news7,no_vlm,boundary_f1,5.0,0.6,6,7,1
news7_20260627,news7,no_vlm,onset_f1,5.0,0.6666666666666667,5,4,1
news7_20260627,news7,no_vlm,offset_f1,5.0,0.6666666666666667,5,4,1
news7_20260627,news7,no_vlm,internal_boundary_f1,5.0,0.5000000000000001,4,7,1
news7_20260627,news7,no_vlm,boundary_f1,30.0,0.7000000000000001,7,6,0
news7_20260627,news7,no_vlm,onset_f1,30.0,0.8,6,3,0
news7_20260627,news7,no_vlm,offset_f1,30.0,0.8,6,3,0
news7_20260627,news7,no_vlm,internal_boundary_f1,30.0,0.625,5,6,0
news7_20260627,news7,no_vlm,pk,,0.08675263774912075,,,
news7_20260627,news7,no_vlm,window_diff,,0.24794841735052756,,,
news7_20260627,news7,no_vlm,topic_count_error,,3.0,,,
news7_20260627,news7,no_vlm,match_rate,,1.0,,,
news7_20260627,news7,no_vlm,mean_iou_matched,,0.9087468143732224,,,
news7_20260627,news7,no_vlm,onset_mae_sec,,23.586666666666698,,,
news7_20260627,news7,no_vlm,offset_mae_sec,,2.9166666666666665,,,
news7_20260627,news7,no_transcript,boundary_f1,5.0,0.3529411764705882,3,7,4
news7_20260627,news7,no_transcript,onset_f1,5.0,0.4,3,6,3
news7_20260627,news7,no_transcript,offset_f1,5.0,0.26666666666666666,2,7,4
news7_20260627,news7,no_transcript,internal_boundary_f1,5.0,0.2857142857142857,2,7,3
news7_20260627,news7,no_transcript,boundary_f1,30.0,0.8235294117647058,7,3,0
news7_20260627,news7,no_transcript,onset_f1,30.0,0.8,6,3,0
news7_20260627,news7,no_transcript,offset_f1,30.0,0.8,6,3,0
news7_20260627,news7,no_transcript,internal_boundary_f1,30.0,0.7692307692307693,5,3,0
news7_20260627,news7,no_transcript,pk,,0.12075029308323564,,,
news7_20260627,news7,no_transcript,window_diff,,0.14126611957796015,,,
news7_20260627,news7,no_transcript,topic_count_error,,3.0,,,
news7_20260627,news7,no_transcript,match_rate,,1.0,,,
news7_20260627,news7,no_transcript,mean_iou_matched,,0.8718256261827921,,,
news7_20260627,news7,no_transcript,onset_mae_sec,,29.934999999999942,,,
news7_20260627,news7,no_transcript,offset_mae_sec,,5.908333333333265,,,
news7_20260627,news7,no_vlm_no_ocr,boundary_f1,5.0,0.75,6,3,1
news7_20260627,news7,no_vlm_no_ocr,onset_f1,5.0,0.7142857142857143,5,3,1
news7_20260627,news7,no_vlm_no_ocr,offset_f1,5.0,0.7142857142857143,5,3,1
news7_20260627,news7,no_vlm_no_ocr,internal_boundary_f1,5.0,0.6666666666666666,4,3,1
news7_20260627,news7,no_vlm_no_ocr,boundary_f1,30.0,0.8750000000000001,7,2,0
news7_20260627,news7,no_vlm_no_ocr,onset_f1,30.0,0.8571428571428571,6,2,0
news7_20260627,news7,no_vlm_no_ocr,offset_f1,30.0,0.8571428571428571,6,2,0
news7_20260627,news7,no_vlm_no_ocr,internal_boundary_f1,30.0,0.8333333333333333,5,2,0
news7_20260627,news7,no_vlm_no_ocr,pk,,0.0873388042203986,,,
news7_20260627,news7,no_vlm_no_ocr,window_diff,,0.11781946072684643,,,
news7_20260627,news7,no_vlm_no_ocr,topic_count_error,,2.0,,,
news7_20260627,news7,no_vlm_no_ocr,match_rate,,1.0,,,
news7_20260627,news7,no_vlm_no_ocr,mean_iou_matched,,0.9054297930657711,,,
news7_20260627,news7,no_vlm_no_ocr,onset_mae_sec,,24.218333333333344,,,
news7_20260627,news7,no_vlm_no_ocr,offset_mae_sec,,2.538333333333336,,,
news7_20260627,news7,no_ocr,boundary_f1,5.0,0.6250000000000001,5,4,2
news7_20260627,news7,no_ocr,onset_f1,5.0,0.5714285714285715,4,4,2
news7_20260627,news7,no_ocr,offset_f1,5.0,0.7142857142857143,5,3,1
news7_20260627,news7,no_ocr,internal_boundary_f1,5.0,0.6153846153846154,4,4,1
news7_20260627,news7,no_ocr,boundary_f1,30.0,0.8750000000000001,7,2,0
news7_20260627,news7,no_ocr,onset_f1,30.0,0.8571428571428571,6,2,0
news7_20260627,news7,no_ocr,offset_f1,30.0,0.8571428571428571,6,2,0
news7_20260627,news7,no_ocr,internal_boundary_f1,30.0,0.8333333333333333,5,2,0
news7_20260627,news7,no_ocr,pk,,0.09202813599062133,,,
news7_20260627,news7,no_ocr,window_diff,,0.12250879249706917,,,
news7_20260627,news7,no_ocr,topic_count_error,,2.0,,,
news7_20260627,news7,no_ocr,match_rate,,1.0,,,
news7_20260627,news7,no_ocr,mean_iou_matched,,0.903784323104709,,,
news7_20260627,news7,no_ocr,onset_mae_sec,,25.45500000000001,,,
news7_20260627,news7,no_ocr,offset_mae_sec,,2.538333333333336,,,
wbs_20260507,wbs,full,boundary_f1,5.0,0.6086956521739131,14,8,10
wbs_20260507,wbs,full,onset_f1,5.0,0.7058823529411765,12,5,5
wbs_20260507,wbs,full,offset_f1,5.0,0.47058823529411764,8,9,9
wbs_20260507,wbs,full,internal_boundary_f1,5.0,0.6046511627906977,13,8,9
wbs_20260507,wbs,full,boundary_f1,30.0,0.8260869565217391,19,3,5
wbs_20260507,wbs,full,onset_f1,30.0,0.8823529411764706,15,2,2
wbs_20260507,wbs,full,offset_f1,30.0,0.8235294117647058,14,3,3
wbs_20260507,wbs,full,internal_boundary_f1,30.0,0.8372093023255814,18,3,4
wbs_20260507,wbs,full,pk,,0.08629737609329446,,,
wbs_20260507,wbs,full,window_diff,,0.1629737609329446,,,
wbs_20260507,wbs,full,topic_count_error,,0.0,,,
wbs_20260507,wbs,full,match_rate,,0.8823529411764706,,,
wbs_20260507,wbs,full,mean_iou_matched,,0.7785355629068924,,,
wbs_20260507,wbs,full,onset_mae_sec,,14.036000000000021,,,
wbs_20260507,wbs,full,offset_mae_sec,,9.997333333333396,,,
wbs_20260507,wbs,no_vlm,boundary_f1,5.0,0.5106382978723404,12,11,12
wbs_20260507,wbs,no_vlm,onset_f1,5.0,0.5882352941176471,10,7,7
wbs_20260507,wbs,no_vlm,offset_f1,5.0,0.4117647058823529,7,10,10
wbs_20260507,wbs,no_vlm,internal_boundary_f1,5.0,0.5,11,11,11
wbs_20260507,wbs,no_vlm,boundary_f1,30.0,0.8936170212765957,21,2,3
wbs_20260507,wbs,no_vlm,onset_f1,30.0,0.8823529411764706,15,2,2
wbs_20260507,wbs,no_vlm,offset_f1,30.0,0.9411764705882353,16,1,1
wbs_20260507,wbs,no_vlm,internal_boundary_f1,30.0,0.8837209302325582,19,2,3
wbs_20260507,wbs,no_vlm,pk,,0.061807580174927115,,,
wbs_20260507,wbs,no_vlm,window_diff,,0.13556851311953352,,,
wbs_20260507,wbs,no_vlm,topic_count_error,,0.0,,,
wbs_20260507,wbs,no_vlm,match_rate,,0.9411764705882353,,,
wbs_20260507,wbs,no_vlm,mean_iou_matched,,0.7627781723430194,,,
wbs_20260507,wbs,no_vlm,onset_mae_sec,,10.189999999999976,,,
wbs_20260507,wbs,no_vlm,offset_mae_sec,,8.000625000000042,,,
wbs_20260507,wbs,no_transcript,boundary_f1,5.0,0.3461538461538462,9,19,15
wbs_20260507,wbs,no_transcript,onset_f1,5.0,0.36842105263157887,7,14,10
wbs_20260507,wbs,no_transcript,offset_f1,5.0,0.31578947368421056,6,15,11
wbs_20260507,wbs,no_transcript,internal_boundary_f1,5.0,0.36000000000000004,9,19,13
wbs_20260507,wbs,no_transcript,boundary_f1,30.0,0.7692307692307692,20,8,4
wbs_20260507,wbs,no_transcript,onset_f1,30.0,0.8421052631578947,16,5,1
wbs_20260507,wbs,no_transcript,offset_f1,30.0,0.7368421052631577,14,7,3
wbs_20260507,wbs,no_transcript,internal_boundary_f1,30.0,0.7755102040816326,19,8,3
wbs_20260507,wbs,no_transcript,pk,,0.19795918367346937,,,
wbs_20260507,wbs,no_transcript,window_diff,,0.2559766763848397,,,
wbs_20260507,wbs,no_transcript,topic_count_error,,4.0,,,
wbs_20260507,wbs,no_transcript,match_rate,,0.9411764705882353,,,
wbs_20260507,wbs,no_transcript,mean_iou_matched,,0.7202537525099504,,,
wbs_20260507,wbs,no_transcript,onset_mae_sec,,25.76187500000001,,,
wbs_20260507,wbs,no_transcript,offset_mae_sec,,23.391250000000028,,,
wbs_20260507,wbs,no_vlm_no_ocr,boundary_f1,5.0,0.5106382978723404,12,11,12
wbs_20260507,wbs,no_vlm_no_ocr,onset_f1,5.0,0.5714285714285715,10,8,7
wbs_20260507,wbs,no_vlm_no_ocr,offset_f1,5.0,0.45714285714285713,8,10,9
wbs_20260507,wbs,no_vlm_no_ocr,internal_boundary_f1,5.0,0.5,11,11,11
wbs_20260507,wbs,no_vlm_no_ocr,boundary_f1,30.0,0.8085106382978724,19,4,5
wbs_20260507,wbs,no_vlm_no_ocr,onset_f1,30.0,0.7999999999999999,14,4,3
wbs_20260507,wbs,no_vlm_no_ocr,offset_f1,30.0,0.8571428571428571,15,3,2
wbs_20260507,wbs,no_vlm_no_ocr,internal_boundary_f1,30.0,0.7906976744186046,17,4,5
wbs_20260507,wbs,no_vlm_no_ocr,pk,,0.08513119533527697,,,
wbs_20260507,wbs,no_vlm_no_ocr,window_diff,,0.16851311953352768,,,
wbs_20260507,wbs,no_vlm_no_ocr,topic_count_error,,1.0,,,
wbs_20260507,wbs,no_vlm_no_ocr,match_rate,,0.8823529411764706,,,
wbs_20260507,wbs,no_vlm_no_ocr,mean_iou_matched,,0.7574609284435082,,,
wbs_20260507,wbs,no_vlm_no_ocr,onset_mae_sec,,16.450666666666642,,,
wbs_20260507,wbs,no_vlm_no_ocr,offset_mae_sec,,8.387333333333405,,,
wbs_20260507,wbs,no_ocr,boundary_f1,5.0,0.6382978723404256,15,8,9
wbs_20260507,wbs,no_ocr,onset_f1,5.0,0.7647058823529412,13,4,4
wbs_20260507,wbs,no_ocr,offset_f1,5.0,0.5294117647058824,9,8,8
wbs_20260507,wbs,no_ocr,internal_boundary_f1,5.0,0.6363636363636364,14,8,8
wbs_20260507,wbs,no_ocr,boundary_f1,30.0,0.8085106382978724,19,4,5
wbs_20260507,wbs,no_ocr,onset_f1,30.0,0.9411764705882353,16,1,1
wbs_20260507,wbs,no_ocr,offset_f1,30.0,0.7647058823529412,13,4,4
wbs_20260507,wbs,no_ocr,internal_boundary_f1,30.0,0.8181818181818182,18,4,4
wbs_20260507,wbs,no_ocr,pk,,0.0880466472303207,,,
wbs_20260507,wbs,no_ocr,window_diff,,0.1306122448979592,,,
wbs_20260507,wbs,no_ocr,topic_count_error,,0.0,,,
wbs_20260507,wbs,no_ocr,match_rate,,0.8823529411764706,,,
wbs_20260507,wbs,no_ocr,mean_iou_matched,,0.8322793509767643,,,
wbs_20260507,wbs,no_ocr,onset_mae_sec,,3.5980000000000376,,,
wbs_20260507,wbs,no_ocr,offset_mae_sec,,8.934666666666681,,,
wbs_20260514,wbs,full,boundary_f1,5.0,0.6274509803921569,16,9,10
wbs_20260514,wbs,full,onset_f1,5.0,0.6666666666666667,13,7,6
wbs_20260514,wbs,full,offset_f1,5.0,0.6153846153846154,12,8,7
wbs_20260514,wbs,full,internal_boundary_f1,5.0,0.625,15,9,9
wbs_20260514,wbs,full,boundary_f1,30.0,0.8235294117647058,21,4,5
wbs_20260514,wbs,full,onset_f1,30.0,0.8205128205128205,16,4,3
wbs_20260514,wbs,full,offset_f1,30.0,0.8717948717948718,17,3,2
wbs_20260514,wbs,full,internal_boundary_f1,30.0,0.8085106382978724,19,4,5
wbs_20260514,wbs,full,pk,,0.0919674039580908,,,
wbs_20260514,wbs,full,window_diff,,0.16938300349243307,,,
wbs_20260514,wbs,full,topic_count_error,,1.0,,,
wbs_20260514,wbs,full,match_rate,,0.9473684210526315,,,
wbs_20260514,wbs,full,mean_iou_matched,,0.7875006335131587,,,
wbs_20260514,wbs,full,onset_mae_sec,,13.362222222222261,,,
wbs_20260514,wbs,full,offset_mae_sec,,7.6549999999999665,,,
wbs_20260514,wbs,no_vlm,boundary_f1,5.0,0.48000000000000004,12,12,14
wbs_20260514,wbs,no_vlm,onset_f1,5.0,0.5128205128205129,10,10,9
wbs_20260514,wbs,no_vlm,offset_f1,5.0,0.46153846153846156,9,11,10
wbs_20260514,wbs,no_vlm,internal_boundary_f1,5.0,0.4680851063829787,11,12,13
wbs_20260514,wbs,no_vlm,boundary_f1,30.0,0.8,20,4,6
wbs_20260514,wbs,no_vlm,onset_f1,30.0,0.8717948717948718,17,3,2
wbs_20260514,wbs,no_vlm,offset_f1,30.0,0.8205128205128205,16,4,3
wbs_20260514,wbs,no_vlm,internal_boundary_f1,30.0,0.8085106382978724,19,4,5
wbs_20260514,wbs,no_vlm,pk,,0.13474970896391153,,,
wbs_20260514,wbs,no_vlm,window_diff,,0.19935972060535506,,,
wbs_20260514,wbs,no_vlm,topic_count_error,,1.0,,,
wbs_20260514,wbs,no_vlm,match_rate,,1.0,,,
wbs_20260514,wbs,no_vlm,mean_iou_matched,,0.7322443634143062,,,
wbs_20260514,wbs,no_vlm,onset_mae_sec,,14.11052631578948,,,
wbs_20260514,wbs,no_vlm,offset_mae_sec,,12.043684210526342,,,
wbs_20260514,wbs,no_transcript,boundary_f1,5.0,0.3018867924528302,8,19,18
wbs_20260514,wbs,no_transcript,onset_f1,5.0,0.358974358974359,7,13,12
wbs_20260514,wbs,no_transcript,offset_f1,5.0,0.15384615384615385,3,17,16
wbs_20260514,wbs,no_transcript,internal_boundary_f1,5.0,0.3137254901960785,8,19,16
wbs_20260514,wbs,no_transcript,boundary_f1,30.0,0.9056603773584906,24,3,2
wbs_20260514,wbs,no_transcript,onset_f1,30.0,0.9743589743589743,19,1,0
wbs_20260514,wbs,no_transcript,offset_f1,30.0,0.9230769230769231,18,2,1
wbs_20260514,wbs,no_transcript,internal_boundary_f1,30.0,0.9199999999999999,23,3,1
wbs_20260514,wbs,no_transcript,pk,,0.0960419091967404,,,
wbs_20260514,wbs,no_transcript,window_diff,,0.16443538998835855,,,
wbs_20260514,wbs,no_transcript,topic_count_error,,1.0,,,
wbs_20260514,wbs,no_transcript,match_rate,,1.0,,,
wbs_20260514,wbs,no_transcript,mean_iou_matched,,0.6953651161277201,,,
wbs_20260514,wbs,no_transcript,onset_mae_sec,,11.876842105263169,,,
wbs_20260514,wbs,no_transcript,offset_mae_sec,,10.978421052631575,,,
wbs_20260514,wbs,no_vlm_no_ocr,boundary_f1,5.0,0.3773584905660377,10,17,16
wbs_20260514,wbs,no_vlm_no_ocr,onset_f1,5.0,0.46153846153846156,9,11,10
wbs_20260514,wbs,no_vlm_no_ocr,offset_f1,5.0,0.358974358974359,7,13,12
wbs_20260514,wbs,no_vlm_no_ocr,internal_boundary_f1,5.0,0.39215686274509803,10,17,14
wbs_20260514,wbs,no_vlm_no_ocr,boundary_f1,30.0,0.9056603773584906,24,3,2
wbs_20260514,wbs,no_vlm_no_ocr,onset_f1,30.0,0.9743589743589743,19,1,0
wbs_20260514,wbs,no_vlm_no_ocr,offset_f1,30.0,0.9230769230769231,18,2,1
wbs_20260514,wbs,no_vlm_no_ocr,internal_boundary_f1,30.0,0.9199999999999999,23,3,1
wbs_20260514,wbs,no_vlm_no_ocr,pk,,0.09342258440046566,,,
wbs_20260514,wbs,no_vlm_no_ocr,window_diff,,0.17229336437718276,,,
wbs_20260514,wbs,no_vlm_no_ocr,topic_count_error,,1.0,,,
wbs_20260514,wbs,no_vlm_no_ocr,match_rate,,1.0,,,
wbs_20260514,wbs,no_vlm_no_ocr,mean_iou_matched,,0.7610506645559687,,,
wbs_20260514,wbs,no_vlm_no_ocr,onset_mae_sec,,8.634736842105248,,,
wbs_20260514,wbs,no_vlm_no_ocr,offset_mae_sec,,9.703684210526353,,,
wbs_20260514,wbs,no_ocr,boundary_f1,5.0,0.5384615384615384,14,12,12
wbs_20260514,wbs,no_ocr,onset_f1,5.0,0.5128205128205129,10,10,9
wbs_20260514,wbs,no_ocr,offset_f1,5.0,0.5641025641025641,11,9,8
wbs_20260514,wbs,no_ocr,internal_boundary_f1,5.0,0.5306122448979592,13,12,11
wbs_20260514,wbs,no_ocr,boundary_f1,30.0,0.8461538461538461,22,4,4
wbs_20260514,wbs,no_ocr,onset_f1,30.0,0.8717948717948718,17,3,2
wbs_20260514,wbs,no_ocr,offset_f1,30.0,0.9230769230769231,18,2,1
wbs_20260514,wbs,no_ocr,internal_boundary_f1,30.0,0.8571428571428572,21,4,3
wbs_20260514,wbs,no_ocr,pk,,0.09837019790454016,,,
wbs_20260514,wbs,no_ocr,window_diff,,0.17462165308498254,,,
wbs_20260514,wbs,no_ocr,topic_count_error,,1.0,,,
wbs_20260514,wbs,no_ocr,match_rate,,0.9473684210526315,,,
wbs_20260514,wbs,no_ocr,mean_iou_matched,,0.7786052114316859,,,
wbs_20260514,wbs,no_ocr,onset_mae_sec,,13.85888888888889,,,
wbs_20260514,wbs,no_ocr,offset_mae_sec,,8.056666666666647,,,
wbs_20260522,wbs,full,boundary_f1,5.0,0.6976744186046512,15,7,6
wbs_20260522,wbs,full,onset_f1,5.0,0.9333333333333333,14,1,1
wbs_20260522,wbs,full,offset_f1,5.0,0.6666666666666666,10,5,5
wbs_20260522,wbs,full,internal_boundary_f1,5.0,0.7,14,7,5
wbs_20260522,wbs,full,boundary_f1,30.0,0.8837209302325582,19,3,2
wbs_20260522,wbs,full,onset_f1,30.0,0.9333333333333333,14,1,1
wbs_20260522,wbs,full,offset_f1,30.0,0.9333333333333333,14,1,1
wbs_20260522,wbs,full,internal_boundary_f1,30.0,0.9,18,3,1
wbs_20260522,wbs,full,pk,,0.0608187134502924,,,
wbs_20260522,wbs,full,window_diff,,0.12923976608187135,,,
wbs_20260522,wbs,full,topic_count_error,,0.0,,,
wbs_20260522,wbs,full,match_rate,,1.0,,,
wbs_20260522,wbs,full,mean_iou_matched,,0.8500882603183245,,,
wbs_20260522,wbs,full,onset_mae_sec,,10.190000000000001,,,
wbs_20260522,wbs,full,offset_mae_sec,,7.172666666666654,,,
wbs_20260522,wbs,no_vlm,boundary_f1,5.0,0.5714285714285714,12,9,9
wbs_20260522,wbs,no_vlm,onset_f1,5.0,0.7586206896551724,11,3,4
wbs_20260522,wbs,no_vlm,offset_f1,5.0,0.5517241379310344,8,6,7
wbs_20260522,wbs,no_vlm,internal_boundary_f1,5.0,0.5641025641025641,11,9,8
wbs_20260522,wbs,no_vlm,boundary_f1,30.0,0.7142857142857143,15,6,6
wbs_20260522,wbs,no_vlm,onset_f1,30.0,0.8275862068965518,12,2,3
wbs_20260522,wbs,no_vlm,offset_f1,30.0,0.7586206896551724,11,3,4
wbs_20260522,wbs,no_vlm,internal_boundary_f1,30.0,0.6842105263157895,13,6,6
wbs_20260522,wbs,no_vlm,pk,,0.0932748538011696,,,
wbs_20260522,wbs,no_vlm,window_diff,,0.21871345029239767,,,
wbs_20260522,wbs,no_vlm,topic_count_error,,1.0,,,
wbs_20260522,wbs,no_vlm,match_rate,,0.8666666666666667,,,
wbs_20260522,wbs,no_vlm,mean_iou_matched,,0.778726783326081,,,
wbs_20260522,wbs,no_vlm,onset_mae_sec,,12.922307692307736,,,
wbs_20260522,wbs,no_vlm,offset_mae_sec,,11.807692307692333,,,
wbs_20260522,wbs,no_transcript,boundary_f1,5.0,0.5365853658536585,11,9,10
wbs_20260522,wbs,no_transcript,onset_f1,5.0,0.7333333333333333,11,4,4
wbs_20260522,wbs,no_transcript,offset_f1,5.0,0.4000000000000001,6,9,9
wbs_20260522,wbs,no_transcript,internal_boundary_f1,5.0,0.5641025641025641,11,9,8
wbs_20260522,wbs,no_transcript,boundary_f1,30.0,0.8292682926829269,17,3,4
wbs_20260522,wbs,no_transcript,onset_f1,30.0,0.9333333333333333,14,1,1
wbs_20260522,wbs,no_transcript,offset_f1,30.0,0.8000000000000002,12,3,3
wbs_20260522,wbs,no_transcript,internal_boundary_f1,30.0,0.8421052631578947,16,3,3
wbs_20260522,wbs,no_transcript,pk,,0.08976608187134504,,,
wbs_20260522,wbs,no_transcript,window_diff,,0.1649122807017544,,,
wbs_20260522,wbs,no_transcript,topic_count_error,,0.0,,,
wbs_20260522,wbs,no_transcript,match_rate,,0.9333333333333333,,,
wbs_20260522,wbs,no_transcript,mean_iou_matched,,0.7684624748495219,,,
wbs_20260522,wbs,no_transcript,onset_mae_sec,,6.437142857142874,,,
wbs_20260522,wbs,no_transcript,offset_mae_sec,,16.54357142857143,,,
wbs_20260522,wbs,no_vlm_no_ocr,boundary_f1,5.0,0.4878048780487805,10,10,11
wbs_20260522,wbs,no_vlm_no_ocr,onset_f1,5.0,0.6666666666666666,10,5,5
wbs_20260522,wbs,no_vlm_no_ocr,offset_f1,5.0,0.5333333333333333,8,7,7
wbs_20260522,wbs,no_vlm_no_ocr,internal_boundary_f1,5.0,0.5128205128205129,10,10,9
wbs_20260522,wbs,no_vlm_no_ocr,boundary_f1,30.0,0.7317073170731706,15,5,6
wbs_20260522,wbs,no_vlm_no_ocr,onset_f1,30.0,0.8666666666666667,13,2,2
wbs_20260522,wbs,no_vlm_no_ocr,offset_f1,30.0,0.7333333333333333,11,4,4
wbs_20260522,wbs,no_vlm_no_ocr,internal_boundary_f1,30.0,0.7027027027027027,13,5,6
wbs_20260522,wbs,no_vlm_no_ocr,pk,,0.11169590643274854,,,
wbs_20260522,wbs,no_vlm_no_ocr,window_diff,,0.2046783625730994,,,
wbs_20260522,wbs,no_vlm_no_ocr,topic_count_error,,0.0,,,
wbs_20260522,wbs,no_vlm_no_ocr,match_rate,,0.9333333333333333,,,
wbs_20260522,wbs,no_vlm_no_ocr,mean_iou_matched,,0.780873690243055,,,
wbs_20260522,wbs,no_vlm_no_ocr,onset_mae_sec,,12.772142857142853,,,
wbs_20260522,wbs,no_vlm_no_ocr,offset_mae_sec,,14.064285714285713,,,
wbs_20260522,wbs,no_ocr,boundary_f1,5.0,0.5500000000000002,11,8,10
wbs_20260522,wbs,no_ocr,onset_f1,5.0,0.7586206896551724,11,3,4
wbs_20260522,wbs,no_ocr,offset_f1,5.0,0.4827586206896552,7,7,8
wbs_20260522,wbs,no_ocr,internal_boundary_f1,5.0,0.5789473684210527,11,8,8
wbs_20260522,wbs,no_ocr,boundary_f1,30.0,0.8500000000000001,17,2,4
wbs_20260522,wbs,no_ocr,onset_f1,30.0,0.8275862068965518,12,2,3
wbs_20260522,wbs,no_ocr,offset_f1,30.0,0.896551724137931,13,1,2
wbs_20260522,wbs,no_ocr,internal_boundary_f1,30.0,0.8333333333333333,15,2,4
wbs_20260522,wbs,no_ocr,pk,,0.0695906432748538,,,
wbs_20260522,wbs,no_ocr,window_diff,,0.1692982456140351,,,
wbs_20260522,wbs,no_ocr,topic_count_error,,1.0,,,
wbs_20260522,wbs,no_ocr,match_rate,,0.8666666666666667,,,
wbs_20260522,wbs,no_ocr,mean_iou_matched,,0.813253972252964,,,
wbs_20260522,wbs,no_ocr,onset_mae_sec,,13.483846153846134,,,
wbs_20260522,wbs,no_ocr,offset_mae_sec,,8.924615384615358,,,
wbs_20260527,wbs,full,boundary_f1,5.0,0.6530612244897959,16,9,8
wbs_20260527,wbs,full,onset_f1,5.0,0.7428571428571428,13,5,4
wbs_20260527,wbs,full,offset_f1,5.0,0.6285714285714287,11,7,6
wbs_20260527,wbs,full,internal_boundary_f1,5.0,0.6808510638297872,16,9,6
wbs_20260527,wbs,full,boundary_f1,30.0,0.9795918367346939,24,1,0
wbs_20260527,wbs,full,onset_f1,30.0,0.9714285714285714,17,1,0
wbs_20260527,wbs,full,offset_f1,30.0,0.9714285714285714,17,1,0
wbs_20260527,wbs,full,internal_boundary_f1,30.0,0.9777777777777777,22,1,0
wbs_20260527,wbs,full,pk,,0.04518950437317784,,,
wbs_20260527,wbs,full,window_diff,,0.08250728862973761,,,
wbs_20260527,wbs,full,topic_count_error,,1.0,,,
wbs_20260527,wbs,full,match_rate,,1.0,,,
wbs_20260527,wbs,full,mean_iou_matched,,0.8409687497194801,,,
wbs_20260527,wbs,full,onset_mae_sec,,4.261176470588227,,,
wbs_20260527,wbs,full,offset_mae_sec,,6.295294117647058,,,
wbs_20260527,wbs,no_vlm,boundary_f1,5.0,0.48000000000000004,12,14,12
wbs_20260527,wbs,no_vlm,onset_f1,5.0,0.5142857142857143,9,9,8
wbs_20260527,wbs,no_vlm,offset_f1,5.0,0.5142857142857143,9,9,8
wbs_20260527,wbs,no_vlm,internal_boundary_f1,5.0,0.4999999999999999,12,14,10
wbs_20260527,wbs,no_vlm,boundary_f1,30.0,0.8,20,6,4
wbs_20260527,wbs,no_vlm,onset_f1,30.0,0.7428571428571428,13,5,4
wbs_20260527,wbs,no_vlm,offset_f1,30.0,0.8571428571428571,15,3,2
wbs_20260527,wbs,no_vlm,internal_boundary_f1,30.0,0.8085106382978724,19,6,3
wbs_20260527,wbs,no_vlm,pk,,0.07842565597667639,,,
wbs_20260527,wbs,no_vlm,window_diff,,0.16268221574344024,,,
wbs_20260527,wbs,no_vlm,topic_count_error,,1.0,,,
wbs_20260527,wbs,no_vlm,match_rate,,0.8823529411764706,,,
wbs_20260527,wbs,no_vlm,mean_iou_matched,,0.8010913369392505,,,
wbs_20260527,wbs,no_vlm,onset_mae_sec,,8.134000000000034,,,
wbs_20260527,wbs,no_vlm,offset_mae_sec,,9.506000000000009,,,
wbs_20260527,wbs,no_transcript,boundary_f1,5.0,0.3673469387755102,9,16,15
wbs_20260527,wbs,no_transcript,onset_f1,5.0,0.3888888888888889,7,12,10
wbs_20260527,wbs,no_transcript,offset_f1,5.0,0.33333333333333337,6,13,11
wbs_20260527,wbs,no_transcript,internal_boundary_f1,5.0,0.3829787234042554,9,16,13
wbs_20260527,wbs,no_transcript,boundary_f1,30.0,0.8571428571428572,21,4,3
wbs_20260527,wbs,no_transcript,onset_f1,30.0,0.8333333333333333,15,4,2
wbs_20260527,wbs,no_transcript,offset_f1,30.0,0.8333333333333333,15,4,2
wbs_20260527,wbs,no_transcript,internal_boundary_f1,30.0,0.8695652173913043,20,4,2
wbs_20260527,wbs,no_transcript,pk,,0.10991253644314869,,,
wbs_20260527,wbs,no_transcript,window_diff,,0.18950437317784258,,,
wbs_20260527,wbs,no_transcript,topic_count_error,,2.0,,,
wbs_20260527,wbs,no_transcript,match_rate,,0.9411764705882353,,,
wbs_20260527,wbs,no_transcript,mean_iou_matched,,0.7259738143199235,,,
wbs_20260527,wbs,no_transcript,onset_mae_sec,,12.755624999999942,,,
wbs_20260527,wbs,no_transcript,offset_mae_sec,,18.381250000000023,,,
wbs_20260527,wbs,no_vlm_no_ocr,boundary_f1,5.0,0.4,10,16,14
wbs_20260527,wbs,no_vlm_no_ocr,onset_f1,5.0,0.39999999999999997,7,11,10
wbs_20260527,wbs,no_vlm_no_ocr,offset_f1,5.0,0.45714285714285713,8,10,9
wbs_20260527,wbs,no_vlm_no_ocr,internal_boundary_f1,5.0,0.41666666666666663,10,16,12
wbs_20260527,wbs,no_vlm_no_ocr,boundary_f1,30.0,0.9199999999999999,23,3,1
wbs_20260527,wbs,no_vlm_no_ocr,onset_f1,30.0,0.9142857142857143,16,2,1
wbs_20260527,wbs,no_vlm_no_ocr,offset_f1,30.0,0.9714285714285714,17,1,0
wbs_20260527,wbs,no_vlm_no_ocr,internal_boundary_f1,30.0,0.9130434782608695,21,3,1
wbs_20260527,wbs,no_vlm_no_ocr,pk,,0.09475218658892129,,,
wbs_20260527,wbs,no_vlm_no_ocr,window_diff,,0.16763848396501457,,,
wbs_20260527,wbs,no_vlm_no_ocr,topic_count_error,,1.0,,,
wbs_20260527,wbs,no_vlm_no_ocr,match_rate,,1.0,,,
wbs_20260527,wbs,no_vlm_no_ocr,mean_iou_matched,,0.7530976893742037,,,
wbs_20260527,wbs,no_vlm_no_ocr,onset_mae_sec,,11.345882352941166,,,
wbs_20260527,wbs,no_vlm_no_ocr,offset_mae_sec,,9.99941176470591,,,
wbs_20260527,wbs,no_ocr,boundary_f1,5.0,0.4166666666666667,10,14,14
wbs_20260527,wbs,no_ocr,onset_f1,5.0,0.45714285714285713,8,10,9
wbs_20260527,wbs,no_ocr,offset_f1,5.0,0.34285714285714286,6,12,11
wbs_20260527,wbs,no_ocr,internal_boundary_f1,5.0,0.43478260869565216,10,14,12
wbs_20260527,wbs,no_ocr,boundary_f1,30.0,0.9583333333333334,23,1,1
wbs_20260527,wbs,no_ocr,onset_f1,30.0,0.9714285714285714,17,1,0
wbs_20260527,wbs,no_ocr,offset_f1,30.0,0.9714285714285714,17,1,0
wbs_20260527,wbs,no_ocr,internal_boundary_f1,30.0,0.9545454545454546,21,1,1
wbs_20260527,wbs,no_ocr,pk,,0.06034985422740525,,,
wbs_20260527,wbs,no_ocr,window_diff,,0.12886297376093295,,,
wbs_20260527,wbs,no_ocr,topic_count_error,,1.0,,,
wbs_20260527,wbs,no_ocr,match_rate,,0.9411764705882353,,,
wbs_20260527,wbs,no_ocr,mean_iou_matched,,0.7822233069484186,,,
wbs_20260527,wbs,no_ocr,onset_mae_sec,,7.027499999999943,,,
wbs_20260527,wbs,no_ocr,offset_mae_sec,,10.780624999999965,,,
wbs_20260601,wbs,full,boundary_f1,5.0,0.76,19,6,6
wbs_20260601,wbs,full,onset_f1,5.0,0.8205128205128205,16,4,3
wbs_20260601,wbs,full,offset_f1,5.0,0.6666666666666667,13,7,6
wbs_20260601,wbs,full,internal_boundary_f1,5.0,0.7391304347826085,17,6,6
wbs_20260601,wbs,full,boundary_f1,30.0,0.92,23,2,2
wbs_20260601,wbs,full,onset_f1,30.0,0.9743589743589743,19,1,0
wbs_20260601,wbs,full,offset_f1,30.0,0.9230769230769231,18,2,1
wbs_20260601,wbs,full,internal_boundary_f1,30.0,0.9130434782608695,21,2,2
wbs_20260601,wbs,full,pk,,0.02767258957180309,,,
wbs_20260601,wbs,full,window_diff,,0.08826099621322459,,,
wbs_20260601,wbs,full,topic_count_error,,1.0,,,
wbs_20260601,wbs,full,match_rate,,0.9473684210526315,,,
wbs_20260601,wbs,full,mean_iou_matched,,0.8598135029270924,,,
wbs_20260601,wbs,full,onset_mae_sec,,2.1349999999999563,,,
wbs_20260601,wbs,full,offset_mae_sec,,6.13722222222218,,,
wbs_20260601,wbs,no_vlm,boundary_f1,5.0,0.56,14,11,11
wbs_20260601,wbs,no_vlm,onset_f1,5.0,0.5641025641025641,11,9,8
wbs_20260601,wbs,no_vlm,offset_f1,5.0,0.5641025641025641,11,9,8
wbs_20260601,wbs,no_vlm,internal_boundary_f1,5.0,0.5531914893617021,13,11,10
wbs_20260601,wbs,no_vlm,boundary_f1,30.0,0.92,23,2,2
wbs_20260601,wbs,no_vlm,onset_f1,30.0,0.8717948717948718,17,3,2
wbs_20260601,wbs,no_vlm,offset_f1,30.0,0.9230769230769231,18,2,1
wbs_20260601,wbs,no_vlm,internal_boundary_f1,30.0,0.9130434782608695,21,2,2
wbs_20260601,wbs,no_vlm,pk,,0.061170987474512085,,,
wbs_20260601,wbs,no_vlm,window_diff,,0.1205942324497524,,,
wbs_20260601,wbs,no_vlm,topic_count_error,,1.0,,,
wbs_20260601,wbs,no_vlm,match_rate,,0.9473684210526315,,,
wbs_20260601,wbs,no_vlm,mean_iou_matched,,0.7354316577730482,,,
wbs_20260601,wbs,no_vlm,onset_mae_sec,,9.706111111111042,,,
wbs_20260601,wbs,no_vlm,offset_mae_sec,,8.004444444444422,,,
wbs_20260601,wbs,no_transcript,boundary_f1,5.0,0.24999999999999994,6,17,19
wbs_20260601,wbs,no_transcript,onset_f1,5.0,0.27027027027027023,5,13,14
wbs_20260601,wbs,no_transcript,offset_f1,5.0,0.27027027027027023,5,13,14
wbs_20260601,wbs,no_transcript,internal_boundary_f1,5.0,0.2608695652173913,6,17,17
wbs_20260601,wbs,no_transcript,boundary_f1,30.0,0.9166666666666666,22,1,3
wbs_20260601,wbs,no_transcript,onset_f1,30.0,0.918918918918919,17,1,2
wbs_20260601,wbs,no_transcript,offset_f1,30.0,0.918918918918919,17,1,2
wbs_20260601,wbs,no_transcript,internal_boundary_f1,30.0,0.9333333333333332,21,1,2
wbs_20260601,wbs,no_transcript,pk,,0.10865132537139528,,,
wbs_20260601,wbs,no_transcript,window_diff,,0.17885231575881153,,,
wbs_20260601,wbs,no_transcript,topic_count_error,,1.0,,,
wbs_20260601,wbs,no_transcript,match_rate,,0.9473684210526315,,,
wbs_20260601,wbs,no_transcript,mean_iou_matched,,0.6849853442086222,,,
wbs_20260601,wbs,no_transcript,onset_mae_sec,,14.981111111111112,,,
wbs_20260601,wbs,no_transcript,offset_mae_sec,,11.038888888888867,,,
wbs_20260601,wbs,no_vlm_no_ocr,boundary_f1,5.0,0.6938775510204083,17,7,8
wbs_20260601,wbs,no_vlm_no_ocr,onset_f1,5.0,0.7368421052631579,14,5,5
wbs_20260601,wbs,no_vlm_no_ocr,offset_f1,5.0,0.6842105263157895,13,6,6
wbs_20260601,wbs,no_vlm_no_ocr,internal_boundary_f1,5.0,0.6956521739130435,16,7,7
wbs_20260601,wbs,no_vlm_no_ocr,boundary_f1,30.0,0.9795918367346939,24,0,1
wbs_20260601,wbs,no_vlm_no_ocr,onset_f1,30.0,1.0,19,0,0
wbs_20260601,wbs,no_vlm_no_ocr,offset_f1,30.0,1.0,19,0,0
wbs_20260601,wbs,no_vlm_no_ocr,internal_boundary_f1,30.0,0.9777777777777777,22,0,1
wbs_20260601,wbs,no_vlm_no_ocr,pk,,0.02825517040489368,,,
wbs_20260601,wbs,no_vlm_no_ocr,window_diff,,0.08243518788231867,,,
wbs_20260601,wbs,no_vlm_no_ocr,topic_count_error,,0.0,,,
wbs_20260601,wbs,no_vlm_no_ocr,match_rate,,1.0,,,
wbs_20260601,wbs,no_vlm_no_ocr,mean_iou_matched,,0.816189777625658,,,
wbs_20260601,wbs,no_vlm_no_ocr,onset_mae_sec,,5.263157894736823,,,
wbs_20260601,wbs,no_vlm_no_ocr,offset_mae_sec,,5.4210526315789656,,,
wbs_20260601,wbs,no_ocr,boundary_f1,5.0,0.5454545454545454,12,7,13
wbs_20260601,wbs,no_ocr,onset_f1,5.0,0.6470588235294117,11,4,8
wbs_20260601,wbs,no_ocr,offset_f1,5.0,0.47058823529411764,8,7,11
wbs_20260601,wbs,no_ocr,internal_boundary_f1,5.0,0.5365853658536586,11,7,12
wbs_20260601,wbs,no_ocr,boundary_f1,30.0,0.7727272727272727,17,2,8
wbs_20260601,wbs,no_ocr,onset_f1,30.0,0.7647058823529413,13,2,6
wbs_20260601,wbs,no_ocr,offset_f1,30.0,0.7647058823529413,13,2,6
wbs_20260601,wbs,no_ocr,internal_boundary_f1,30.0,0.75,15,2,8
wbs_20260601,wbs,no_ocr,pk,,0.08243518788231867,,,
wbs_20260601,wbs,no_ocr,window_diff,,0.18001747742499272,,,
wbs_20260601,wbs,no_ocr,topic_count_error,,4.0,,,
wbs_20260601,wbs,no_ocr,match_rate,,0.6842105263157895,,,
wbs_20260601,wbs,no_ocr,mean_iou_matched,,0.7984434282618035,,,
wbs_20260601,wbs,no_ocr,onset_mae_sec,,3.9469230769230204,,,
wbs_20260601,wbs,no_ocr,offset_mae_sec,,14.785384615384661,,,
wbs_20260605,wbs,full,boundary_f1,5.0,0.5333333333333332,12,11,10
wbs_20260605,wbs,full,onset_f1,5.0,0.5454545454545455,9,8,7
wbs_20260605,wbs,full,offset_f1,5.0,0.6060606060606061,10,7,6
wbs_20260605,wbs,full,internal_boundary_f1,5.0,0.5581395348837209,12,11,8
wbs_20260605,wbs,full,boundary_f1,30.0,0.8444444444444444,19,4,3
wbs_20260605,wbs,full,onset_f1,30.0,0.787878787878788,13,4,3
wbs_20260605,wbs,full,offset_f1,30.0,0.9090909090909091,15,2,1
wbs_20260605,wbs,full,internal_boundary_f1,30.0,0.8292682926829269,17,4,3
wbs_20260605,wbs,full,pk,,0.08437956204379563,,,
wbs_20260605,wbs,full,window_diff,,0.14014598540145987,,,
wbs_20260605,wbs,full,topic_count_error,,1.0,,,
wbs_20260605,wbs,full,match_rate,,0.9375,,,
wbs_20260605,wbs,full,mean_iou_matched,,0.7582198661457191,,,
wbs_20260605,wbs,full,onset_mae_sec,,20.45399999999997,,,
wbs_20260605,wbs,full,offset_mae_sec,,7.8860000000000054,,,
wbs_20260605,wbs,no_vlm,boundary_f1,5.0,0.5238095238095238,11,9,11
wbs_20260605,wbs,no_vlm,onset_f1,5.0,0.5161290322580646,8,7,8
wbs_20260605,wbs,no_vlm,offset_f1,5.0,0.6451612903225806,10,5,6
wbs_20260605,wbs,no_vlm,internal_boundary_f1,5.0,0.55,11,9,9
wbs_20260605,wbs,no_vlm,boundary_f1,30.0,0.8571428571428572,18,2,4
wbs_20260605,wbs,no_vlm,onset_f1,30.0,0.7741935483870969,12,3,4
wbs_20260605,wbs,no_vlm,offset_f1,30.0,0.967741935483871,15,0,1
wbs_20260605,wbs,no_vlm,internal_boundary_f1,30.0,0.8717948717948718,17,2,3
wbs_20260605,wbs,no_vlm,pk,,0.07620437956204379,,,
wbs_20260605,wbs,no_vlm,window_diff,,0.14773722627737226,,,
wbs_20260605,wbs,no_vlm,topic_count_error,,1.0,,,
wbs_20260605,wbs,no_vlm,match_rate,,0.9375,,,
wbs_20260605,wbs,no_vlm,mean_iou_matched,,0.7342127627837667,,,
wbs_20260605,wbs,no_vlm,onset_mae_sec,,25.147999999999982,,,
wbs_20260605,wbs,no_vlm,offset_mae_sec,,5.8853333333333016,,,
wbs_20260605,wbs,no_transcript,boundary_f1,5.0,0.6046511627906977,13,8,9
wbs_20260605,wbs,no_transcript,onset_f1,5.0,0.5625,9,7,7
wbs_20260605,wbs,no_transcript,offset_f1,5.0,0.5625,9,7,7
wbs_20260605,wbs,no_transcript,internal_boundary_f1,5.0,0.6341463414634146,13,8,7
wbs_20260605,wbs,no_transcript,boundary_f1,30.0,0.9767441860465117,21,0,1
wbs_20260605,wbs,no_transcript,onset_f1,30.0,1.0,16,0,0
wbs_20260605,wbs,no_transcript,offset_f1,30.0,1.0,16,0,0
wbs_20260605,wbs,no_transcript,internal_boundary_f1,30.0,0.9743589743589743,19,0,1
wbs_20260605,wbs,no_transcript,pk,,0.03562043795620438,,,
wbs_20260605,wbs,no_transcript,window_diff,,0.08291970802919708,,,
wbs_20260605,wbs,no_transcript,topic_count_error,,0.0,,,
wbs_20260605,wbs,no_transcript,match_rate,,1.0,,,
wbs_20260605,wbs,no_transcript,mean_iou_matched,,0.8181114227334196,,,
wbs_20260605,wbs,no_transcript,onset_mae_sec,,5.802499999999998,,,
wbs_20260605,wbs,no_transcript,offset_mae_sec,,6.7093750000000085,,,
wbs_20260605,wbs,no_vlm_no_ocr,boundary_f1,5.0,0.5714285714285713,12,8,10
wbs_20260605,wbs,no_vlm_no_ocr,onset_f1,5.0,0.625,10,6,6
wbs_20260605,wbs,no_vlm_no_ocr,offset_f1,5.0,0.5625,9,7,7
wbs_20260605,wbs,no_vlm_no_ocr,internal_boundary_f1,5.0,0.6,12,8,8
wbs_20260605,wbs,no_vlm_no_ocr,boundary_f1,30.0,0.9047619047619048,19,1,3
wbs_20260605,wbs,no_vlm_no_ocr,onset_f1,30.0,0.8125,13,3,3
wbs_20260605,wbs,no_vlm_no_ocr,offset_f1,30.0,1.0,16,0,0
wbs_20260605,wbs,no_vlm_no_ocr,internal_boundary_f1,30.0,0.9230769230769231,18,1,2
wbs_20260605,wbs,no_vlm_no_ocr,pk,,0.07503649635036497,,,
wbs_20260605,wbs,no_vlm_no_ocr,window_diff,,0.11182481751824817,,,
wbs_20260605,wbs,no_vlm_no_ocr,topic_count_error,,0.0,,,
wbs_20260605,wbs,no_vlm_no_ocr,match_rate,,1.0,,,
wbs_20260605,wbs,no_vlm_no_ocr,mean_iou_matched,,0.7791213585318655,,,
wbs_20260605,wbs,no_vlm_no_ocr,onset_mae_sec,,21.079374999999974,,,
wbs_20260605,wbs,no_vlm_no_ocr,offset_mae_sec,,5.790624999999977,,,
wbs_20260605,wbs,no_ocr,boundary_f1,5.0,0.5714285714285713,12,8,10
wbs_20260605,wbs,no_ocr,onset_f1,5.0,0.5,8,8,8
wbs_20260605,wbs,no_ocr,offset_f1,5.0,0.625,10,6,6
wbs_20260605,wbs,no_ocr,internal_boundary_f1,5.0,0.6,12,8,8
wbs_20260605,wbs,no_ocr,boundary_f1,30.0,0.761904761904762,16,4,6
wbs_20260605,wbs,no_ocr,onset_f1,30.0,0.8125,13,3,3
wbs_20260605,wbs,no_ocr,offset_f1,30.0,0.8125,13,3,3
wbs_20260605,wbs,no_ocr,internal_boundary_f1,30.0,0.7692307692307692,15,4,5
wbs_20260605,wbs,no_ocr,pk,,0.0840875912408759,,,
wbs_20260605,wbs,no_ocr,window_diff,,0.1602919708029197,,,
wbs_20260605,wbs,no_ocr,topic_count_error,,0.0,,,
wbs_20260605,wbs,no_ocr,match_rate,,0.8125,,,
wbs_20260605,wbs,no_ocr,mean_iou_matched,,0.7611325124810594,,,
wbs_20260605,wbs,no_ocr,onset_mae_sec,,16.012307692307637,,,
wbs_20260605,wbs,no_ocr,offset_mae_sec,,9.19307692307694,,,
wbs_20260610,wbs,full,boundary_f1,5.0,0.6511627906976744,14,6,9
wbs_20260610,wbs,full,onset_f1,5.0,0.75,12,4,4
wbs_20260610,wbs,full,offset_f1,5.0,0.625,10,6,6
wbs_20260610,wbs,full,internal_boundary_f1,5.0,0.6500000000000001,13,6,8
wbs_20260610,wbs,full,boundary_f1,30.0,0.8837209302325583,19,1,4
wbs_20260610,wbs,full,onset_f1,30.0,0.875,14,2,2
wbs_20260610,wbs,full,offset_f1,30.0,0.9375,15,1,1
wbs_20260610,wbs,full,internal_boundary_f1,30.0,0.9,18,1,3
wbs_20260610,wbs,full,pk,,0.10037934053107675,,,
wbs_20260610,wbs,full,window_diff,,0.13481178873650423,,,
wbs_20260610,wbs,full,topic_count_error,,0.0,,,
wbs_20260610,wbs,full,match_rate,,1.0,,,
wbs_20260610,wbs,full,mean_iou_matched,,0.8549105795192761,,,
wbs_20260610,wbs,full,onset_mae_sec,,18.218125000000015,,,
wbs_20260610,wbs,full,offset_mae_sec,,7.971874999999969,,,
wbs_20260610,wbs,no_vlm,boundary_f1,5.0,0.4444444444444445,10,12,13
wbs_20260610,wbs,no_vlm,onset_f1,5.0,0.42424242424242425,7,10,9
wbs_20260610,wbs,no_vlm,offset_f1,5.0,0.42424242424242425,7,10,9
wbs_20260610,wbs,no_vlm,internal_boundary_f1,5.0,0.3902439024390244,8,12,13
wbs_20260610,wbs,no_vlm,boundary_f1,30.0,0.8444444444444444,19,3,4
wbs_20260610,wbs,no_vlm,onset_f1,30.0,0.7272727272727272,12,5,4
wbs_20260610,wbs,no_vlm,offset_f1,30.0,0.9696969696969697,16,1,0
wbs_20260610,wbs,no_vlm,internal_boundary_f1,30.0,0.8292682926829269,17,3,4
wbs_20260610,wbs,no_vlm,pk,,0.12459877443828421,,,
wbs_20260610,wbs,no_vlm,window_diff,,0.2045520863729209,,,
wbs_20260610,wbs,no_vlm,topic_count_error,,1.0,,,
wbs_20260610,wbs,no_vlm,match_rate,,0.875,,,
wbs_20260610,wbs,no_vlm,mean_iou_matched,,0.7688939765822891,,,
wbs_20260610,wbs,no_vlm,onset_mae_sec,,24.237857142857187,,,
wbs_20260610,wbs,no_vlm,offset_mae_sec,,9.707142857142864,,,
wbs_20260610,wbs,no_transcript,boundary_f1,5.0,0.2666666666666666,6,16,17
wbs_20260610,wbs,no_transcript,onset_f1,5.0,0.1875,3,13,13
wbs_20260610,wbs,no_transcript,offset_f1,5.0,0.25,4,12,12
wbs_20260610,wbs,no_transcript,internal_boundary_f1,5.0,0.2790697674418604,6,16,15
wbs_20260610,wbs,no_transcript,boundary_f1,30.0,0.8,18,4,5
wbs_20260610,wbs,no_transcript,onset_f1,30.0,0.8125,13,3,3
wbs_20260610,wbs,no_transcript,offset_f1,30.0,0.75,12,4,4
wbs_20260610,wbs,no_transcript,internal_boundary_f1,30.0,0.8095238095238095,17,4,4
wbs_20260610,wbs,no_transcript,pk,,0.1164283629997082,,,
wbs_20260610,wbs,no_transcript,window_diff,,0.17011963816749343,,,
wbs_20260610,wbs,no_transcript,topic_count_error,,0.0,,,
wbs_20260610,wbs,no_transcript,match_rate,,0.875,,,
wbs_20260610,wbs,no_transcript,mean_iou_matched,,0.7873783562049285,,,
wbs_20260610,wbs,no_transcript,onset_mae_sec,,12.521428571428558,,,
wbs_20260610,wbs,no_transcript,offset_mae_sec,,12.562857142857126,,,
wbs_20260610,wbs,no_vlm_no_ocr,boundary_f1,5.0,0.3636363636363636,8,13,15
wbs_20260610,wbs,no_vlm_no_ocr,onset_f1,5.0,0.30303030303030304,5,12,11
wbs_20260610,wbs,no_vlm_no_ocr,offset_f1,5.0,0.3636363636363636,6,11,10
wbs_20260610,wbs,no_vlm_no_ocr,internal_boundary_f1,5.0,0.3414634146341463,7,13,14
wbs_20260610,wbs,no_vlm_no_ocr,boundary_f1,30.0,0.7272727272727272,16,5,7
wbs_20260610,wbs,no_vlm_no_ocr,onset_f1,30.0,0.6666666666666667,11,6,5
wbs_20260610,wbs,no_vlm_no_ocr,offset_f1,30.0,0.8484848484848485,14,3,2
wbs_20260610,wbs,no_vlm_no_ocr,internal_boundary_f1,30.0,0.7,14,5,7
wbs_20260610,wbs,no_vlm_no_ocr,pk,,0.13772979282170994,,,
wbs_20260610,wbs,no_vlm_no_ocr,window_diff,,0.21476510067114093,,,
wbs_20260610,wbs,no_vlm_no_ocr,topic_count_error,,1.0,,,
wbs_20260610,wbs,no_vlm_no_ocr,match_rate,,0.875,,,
wbs_20260610,wbs,no_vlm_no_ocr,mean_iou_matched,,0.7423253084119492,,,
wbs_20260610,wbs,no_vlm_no_ocr,onset_mae_sec,,26.477142857142866,,,
wbs_20260610,wbs,no_vlm_no_ocr,offset_mae_sec,,12.712142857142808,,,
wbs_20260610,wbs,no_ocr,boundary_f1,5.0,0.5,11,10,12
wbs_20260610,wbs,no_ocr,onset_f1,5.0,0.42424242424242425,7,10,9
wbs_20260610,wbs,no_ocr,offset_f1,5.0,0.48484848484848486,8,9,8
wbs_20260610,wbs,no_ocr,internal_boundary_f1,5.0,0.4878048780487805,10,10,11
wbs_20260610,wbs,no_ocr,boundary_f1,30.0,0.8181818181818182,18,3,5
wbs_20260610,wbs,no_ocr,onset_f1,30.0,0.787878787878788,13,4,3
wbs_20260610,wbs,no_ocr,offset_f1,30.0,0.8484848484848485,14,3,2
wbs_20260610,wbs,no_ocr,internal_boundary_f1,30.0,0.8,16,3,5
wbs_20260610,wbs,no_ocr,pk,,0.0925007295010213,,,
wbs_20260610,wbs,no_ocr,window_diff,,0.15990662386927343,,,
wbs_20260610,wbs,no_ocr,topic_count_error,,1.0,,,
wbs_20260610,wbs,no_ocr,match_rate,,0.9375,,,
wbs_20260610,wbs,no_ocr,mean_iou_matched,,0.7823352732324135,,,
wbs_20260610,wbs,no_ocr,onset_mae_sec,,22.243333333333357,,,
wbs_20260610,wbs,no_ocr,offset_mae_sec,,9.086666666666646,,,
wbs_20260616,wbs,full,boundary_f1,5.0,0.6122448979591836,15,10,9
wbs_20260616,wbs,full,onset_f1,5.0,0.6666666666666667,12,7,5
wbs_20260616,wbs,full,offset_f1,5.0,0.5,9,10,8
wbs_20260616,wbs,full,internal_boundary_f1,5.0,0.6382978723404256,15,10,7
wbs_20260616,wbs,full,boundary_f1,30.0,0.8571428571428572,21,4,3
wbs_20260616,wbs,full,onset_f1,30.0,0.9444444444444444,17,2,0
wbs_20260616,wbs,full,offset_f1,30.0,0.8333333333333333,15,4,2
wbs_20260616,wbs,full,internal_boundary_f1,30.0,0.8695652173913043,20,4,2
wbs_20260616,wbs,full,pk,,0.051895043731778424,,,
wbs_20260616,wbs,full,window_diff,,0.143731778425656,,,
wbs_20260616,wbs,full,topic_count_error,,2.0,,,
wbs_20260616,wbs,full,match_rate,,1.0,,,
wbs_20260616,wbs,full,mean_iou_matched,,0.761919125770643,,,
wbs_20260616,wbs,full,onset_mae_sec,,5.906470588235293,,,
wbs_20260616,wbs,full,offset_mae_sec,,9.537647058823515,,,
wbs_20260616,wbs,no_vlm,boundary_f1,5.0,0.64,16,10,8
wbs_20260616,wbs,no_vlm,onset_f1,5.0,0.6111111111111113,11,8,6
wbs_20260616,wbs,no_vlm,offset_f1,5.0,0.5555555555555555,10,9,7
wbs_20260616,wbs,no_vlm,internal_boundary_f1,5.0,0.6086956521739131,14,10,8
wbs_20260616,wbs,no_vlm,boundary_f1,30.0,0.9199999999999999,23,3,1
wbs_20260616,wbs,no_vlm,onset_f1,30.0,0.9444444444444444,17,2,0
wbs_20260616,wbs,no_vlm,offset_f1,30.0,0.9444444444444444,17,2,0
wbs_20260616,wbs,no_vlm,internal_boundary_f1,30.0,0.9130434782608695,21,3,1
wbs_20260616,wbs,no_vlm,pk,,0.07113702623906705,,,
wbs_20260616,wbs,no_vlm,window_diff,,0.1434402332361516,,,
wbs_20260616,wbs,no_vlm,topic_count_error,,2.0,,,
wbs_20260616,wbs,no_vlm,match_rate,,1.0,,,
wbs_20260616,wbs,no_vlm,mean_iou_matched,,0.7527084832588277,,,
wbs_20260616,wbs,no_vlm,onset_mae_sec,,5.476470588235274,,,
wbs_20260616,wbs,no_vlm,offset_mae_sec,,24.270588235294124,,,
wbs_20260616,wbs,no_transcript,boundary_f1,5.0,0.39215686274509803,10,17,14
wbs_20260616,wbs,no_transcript,onset_f1,5.0,0.37837837837837834,7,13,10
wbs_20260616,wbs,no_transcript,offset_f1,5.0,0.3243243243243243,6,14,11
wbs_20260616,wbs,no_transcript,internal_boundary_f1,5.0,0.37500000000000006,9,17,13
wbs_20260616,wbs,no_transcript,boundary_f1,30.0,0.7450980392156864,19,8,5
wbs_20260616,wbs,no_transcript,onset_f1,30.0,0.7567567567567567,14,6,3
wbs_20260616,wbs,no_transcript,offset_f1,30.0,0.7567567567567567,14,6,3
wbs_20260616,wbs,no_transcript,internal_boundary_f1,30.0,0.7234042553191491,17,8,5
wbs_20260616,wbs,no_transcript,pk,,0.12244897959183673,,,
wbs_20260616,wbs,no_transcript,window_diff,,0.23965014577259475,,,
wbs_20260616,wbs,no_transcript,topic_count_error,,3.0,,,
wbs_20260616,wbs,no_transcript,match_rate,,0.8235294117647058,,,
wbs_20260616,wbs,no_transcript,mean_iou_matched,,0.7082678477625672,,,
wbs_20260616,wbs,no_transcript,onset_mae_sec,,11.844285714285705,,,
wbs_20260616,wbs,no_transcript,offset_mae_sec,,19.06500000000002,,,
wbs_20260616,wbs,no_vlm_no_ocr,boundary_f1,5.0,0.627450980392157,16,11,8
wbs_20260616,wbs,no_vlm_no_ocr,onset_f1,5.0,0.6111111111111113,11,8,6
wbs_20260616,wbs,no_vlm_no_ocr,offset_f1,5.0,0.5555555555555555,10,9,7
wbs_20260616,wbs,no_vlm_no_ocr,internal_boundary_f1,5.0,0.5957446808510639,14,11,8
wbs_20260616,wbs,no_vlm_no_ocr,boundary_f1,30.0,0.8627450980392156,22,5,2
wbs_20260616,wbs,no_vlm_no_ocr,onset_f1,30.0,0.9444444444444444,17,2,0
wbs_20260616,wbs,no_vlm_no_ocr,offset_f1,30.0,0.8888888888888888,16,3,1
wbs_20260616,wbs,no_vlm_no_ocr,internal_boundary_f1,30.0,0.8510638297872342,20,5,2
wbs_20260616,wbs,no_vlm_no_ocr,pk,,0.09591836734693877,,,
wbs_20260616,wbs,no_vlm_no_ocr,window_diff,,0.18658892128279883,,,
wbs_20260616,wbs,no_vlm_no_ocr,topic_count_error,,2.0,,,
wbs_20260616,wbs,no_vlm_no_ocr,match_rate,,1.0,,,
wbs_20260616,wbs,no_vlm_no_ocr,mean_iou_matched,,0.7396259093224263,,,
wbs_20260616,wbs,no_vlm_no_ocr,onset_mae_sec,,5.681764705882339,,,
wbs_20260616,wbs,no_vlm_no_ocr,offset_mae_sec,,26.618235294117625,,,
wbs_20260616,wbs,no_ocr,boundary_f1,5.0,0.5599999999999999,14,12,10
wbs_20260616,wbs,no_ocr,onset_f1,5.0,0.6285714285714287,11,7,6
wbs_20260616,wbs,no_ocr,offset_f1,5.0,0.39999999999999997,7,11,10
wbs_20260616,wbs,no_ocr,internal_boundary_f1,5.0,0.5531914893617023,13,12,9
wbs_20260616,wbs,no_ocr,boundary_f1,30.0,0.8799999999999999,22,4,2
wbs_20260616,wbs,no_ocr,onset_f1,30.0,0.9714285714285714,17,1,0
wbs_20260616,wbs,no_ocr,offset_f1,30.0,0.9142857142857143,16,2,1
wbs_20260616,wbs,no_ocr,internal_boundary_f1,30.0,0.8936170212765958,21,4,1
wbs_20260616,wbs,no_ocr,pk,,0.08600583090379009,,,
wbs_20260616,wbs,no_ocr,window_diff,,0.17113702623906704,,,
wbs_20260616,wbs,no_ocr,topic_count_error,,1.0,,,
wbs_20260616,wbs,no_ocr,match_rate,,1.0,,,
wbs_20260616,wbs,no_ocr,mean_iou_matched,,0.6953315703627082,,,
wbs_20260616,wbs,no_ocr,onset_mae_sec,,6.063529411764726,,,
wbs_20260616,wbs,no_ocr,offset_mae_sec,,28.267058823529364,,,
wbs_20260622,wbs,full,boundary_f1,5.0,0.6818181818181819,15,6,8
wbs_20260622,wbs,full,onset_f1,5.0,0.8235294117647058,14,3,3
wbs_20260622,wbs,full,offset_f1,5.0,0.6470588235294118,11,6,6
wbs_20260622,wbs,full,internal_boundary_f1,5.0,0.6829268292682926,14,6,7
wbs_20260622,wbs,full,boundary_f1,30.0,0.9545454545454545,21,0,2
wbs_20260622,wbs,full,onset_f1,30.0,0.9411764705882353,16,1,1
wbs_20260622,wbs,full,offset_f1,30.0,1.0,17,0,0
wbs_20260622,wbs,full,internal_boundary_f1,30.0,0.9500000000000001,19,0,2
wbs_20260622,wbs,full,pk,,0.06505250875145857,,,
wbs_20260622,wbs,full,window_diff,,0.09655775962660443,,,
wbs_20260622,wbs,full,topic_count_error,,0.0,,,
wbs_20260622,wbs,full,match_rate,,1.0,,,
wbs_20260622,wbs,full,mean_iou_matched,,0.8766326075303035,,,
wbs_20260622,wbs,full,onset_mae_sec,,10.95529411764706,,,
wbs_20260622,wbs,full,offset_mae_sec,,5.951764705882323,,,
wbs_20260622,wbs,no_vlm,boundary_f1,5.0,0.6976744186046512,15,5,8
wbs_20260622,wbs,no_vlm,onset_f1,5.0,0.8125,13,2,4
wbs_20260622,wbs,no_vlm,offset_f1,5.0,0.625,10,5,7
wbs_20260622,wbs,no_vlm,internal_boundary_f1,5.0,0.6666666666666666,13,5,8
wbs_20260622,wbs,no_vlm,boundary_f1,30.0,0.8372093023255814,18,2,5
wbs_20260622,wbs,no_vlm,onset_f1,30.0,0.8749999999999999,14,1,3
wbs_20260622,wbs,no_vlm,offset_f1,30.0,0.8749999999999999,14,1,3
wbs_20260622,wbs,no_vlm,internal_boundary_f1,30.0,0.8205128205128205,16,2,5
wbs_20260622,wbs,no_vlm,pk,,0.07672112018669779,,,
wbs_20260622,wbs,no_vlm,window_diff,,0.13885647607934656,,,
wbs_20260622,wbs,no_vlm,topic_count_error,,2.0,,,
wbs_20260622,wbs,no_vlm,match_rate,,0.8823529411764706,,,
wbs_20260622,wbs,no_vlm,mean_iou_matched,,0.8399262479290237,,,
wbs_20260622,wbs,no_vlm,onset_mae_sec,,5.509999999999995,,,
wbs_20260622,wbs,no_vlm,offset_mae_sec,,10.130666666666638,,,
wbs_20260622,wbs,no_transcript,boundary_f1,5.0,0.2608695652173913,6,17,17
wbs_20260622,wbs,no_transcript,onset_f1,5.0,0.28571428571428575,5,13,12
wbs_20260622,wbs,no_transcript,offset_f1,5.0,0.22857142857142856,4,14,13
wbs_20260622,wbs,no_transcript,internal_boundary_f1,5.0,0.2727272727272727,6,17,15
wbs_20260622,wbs,no_transcript,boundary_f1,30.0,0.7391304347826085,17,6,6
wbs_20260622,wbs,no_transcript,onset_f1,30.0,0.7428571428571428,13,5,4
wbs_20260622,wbs,no_transcript,offset_f1,30.0,0.7999999999999999,14,4,3
wbs_20260622,wbs,no_transcript,internal_boundary_f1,30.0,0.7441860465116279,16,6,5
wbs_20260622,wbs,no_transcript,pk,,0.16627771295215868,,,
wbs_20260622,wbs,no_transcript,window_diff,,0.23803967327887982,,,
wbs_20260622,wbs,no_transcript,topic_count_error,,1.0,,,
wbs_20260622,wbs,no_transcript,match_rate,,0.8823529411764706,,,
wbs_20260622,wbs,no_transcript,mean_iou_matched,,0.6958661324680722,,,
wbs_20260622,wbs,no_transcript,onset_mae_sec,,23.194000000000006,,,
wbs_20260622,wbs,no_transcript,offset_mae_sec,,15.733999999999977,,,
wbs_20260622,wbs,no_vlm_no_ocr,boundary_f1,5.0,0.6222222222222223,14,8,9
wbs_20260622,wbs,no_vlm_no_ocr,onset_f1,5.0,0.7058823529411765,12,5,5
wbs_20260622,wbs,no_vlm_no_ocr,offset_f1,5.0,0.5294117647058824,9,8,8
wbs_20260622,wbs,no_vlm_no_ocr,internal_boundary_f1,5.0,0.5853658536585366,12,8,9
wbs_20260622,wbs,no_vlm_no_ocr,boundary_f1,30.0,0.888888888888889,20,2,3
wbs_20260622,wbs,no_vlm_no_ocr,onset_f1,30.0,0.9411764705882353,16,1,1
wbs_20260622,wbs,no_vlm_no_ocr,offset_f1,30.0,0.9411764705882353,16,1,1
wbs_20260622,wbs,no_vlm_no_ocr,internal_boundary_f1,30.0,0.8780487804878048,18,2,3
wbs_20260622,wbs,no_vlm_no_ocr,pk,,0.07584597432905485,,,
wbs_20260622,wbs,no_vlm_no_ocr,window_diff,,0.13039673278879813,,,
wbs_20260622,wbs,no_vlm_no_ocr,topic_count_error,,0.0,,,
wbs_20260622,wbs,no_vlm_no_ocr,match_rate,,1.0,,,
wbs_20260622,wbs,no_vlm_no_ocr,mean_iou_matched,,0.7875653802931792,,,
wbs_20260622,wbs,no_vlm_no_ocr,onset_mae_sec,,6.502941176470557,,,
wbs_20260622,wbs,no_vlm_no_ocr,offset_mae_sec,,9.717647058823479,,,
wbs_20260622,wbs,no_ocr,boundary_f1,5.0,0.6086956521739131,14,9,9
wbs_20260622,wbs,no_ocr,onset_f1,5.0,0.7999999999999999,14,4,3
wbs_20260622,wbs,no_ocr,offset_f1,5.0,0.5142857142857143,9,9,8
wbs_20260622,wbs,no_ocr,internal_boundary_f1,5.0,0.6046511627906977,13,9,8
wbs_20260622,wbs,no_ocr,boundary_f1,30.0,0.9130434782608695,21,2,2
wbs_20260622,wbs,no_ocr,onset_f1,30.0,0.9142857142857143,16,2,1
wbs_20260622,wbs,no_ocr,offset_f1,30.0,0.9714285714285714,17,1,0
wbs_20260622,wbs,no_ocr,internal_boundary_f1,30.0,0.9047619047619048,19,2,2
wbs_20260622,wbs,no_ocr,pk,,0.059509918319719954,,,
wbs_20260622,wbs,no_ocr,window_diff,,0.10530921820303384,,,
wbs_20260622,wbs,no_ocr,topic_count_error,,1.0,,,
wbs_20260622,wbs,no_ocr,match_rate,,1.0,,,
wbs_20260622,wbs,no_ocr,mean_iou_matched,,0.8704150037341314,,,
wbs_20260622,wbs,no_ocr,onset_mae_sec,,4.125294117647051,,,
wbs_20260622,wbs,no_ocr,offset_mae_sec,,5.467058823529375,,,
wbs_20260625,wbs,full,boundary_f1,5.0,0.64,16,9,9
wbs_20260625,wbs,full,onset_f1,5.0,0.7222222222222222,13,5,5
wbs_20260625,wbs,full,offset_f1,5.0,0.5,9,9,9
wbs_20260625,wbs,full,internal_boundary_f1,5.0,0.6086956521739131,14,9,9
wbs_20260625,wbs,full,boundary_f1,30.0,0.92,23,2,2
wbs_20260625,wbs,full,onset_f1,30.0,0.9444444444444444,17,1,1
wbs_20260625,wbs,full,offset_f1,30.0,0.9444444444444444,17,1,1
wbs_20260625,wbs,full,internal_boundary_f1,30.0,0.9130434782608695,21,2,2
wbs_20260625,wbs,full,pk,,0.028546460821438975,,,
wbs_20260625,wbs,full,window_diff,,0.10719487328866881,,,
wbs_20260625,wbs,full,topic_count_error,,0.0,,,
wbs_20260625,wbs,full,match_rate,,0.9444444444444444,,,
wbs_20260625,wbs,full,mean_iou_matched,,0.7570920396482838,,,
wbs_20260625,wbs,full,onset_mae_sec,,4.7429411764706115,,,
wbs_20260625,wbs,full,offset_mae_sec,,8.38235294117648,,,
wbs_20260625,wbs,no_vlm,boundary_f1,5.0,0.6,15,10,10
wbs_20260625,wbs,no_vlm,onset_f1,5.0,0.6666666666666666,12,6,6
wbs_20260625,wbs,no_vlm,offset_f1,5.0,0.5555555555555556,10,8,8
wbs_20260625,wbs,no_vlm,internal_boundary_f1,5.0,0.5957446808510638,14,10,9
wbs_20260625,wbs,no_vlm,boundary_f1,30.0,0.88,22,3,3
wbs_20260625,wbs,no_vlm,onset_f1,30.0,0.9444444444444444,17,1,1
wbs_20260625,wbs,no_vlm,offset_f1,30.0,0.8888888888888888,16,2,2
wbs_20260625,wbs,no_vlm,internal_boundary_f1,30.0,0.8695652173913043,20,3,3
wbs_20260625,wbs,no_vlm,pk,,0.07282260413632391,,,
wbs_20260625,wbs,no_vlm,window_diff,,0.1526361782697349,,,
wbs_20260625,wbs,no_vlm,topic_count_error,,0.0,,,
wbs_20260625,wbs,no_vlm,match_rate,,0.8888888888888888,,,
wbs_20260625,wbs,no_vlm,mean_iou_matched,,0.7383858670924692,,,
wbs_20260625,wbs,no_vlm,onset_mae_sec,,12.196874999999991,,,
wbs_20260625,wbs,no_vlm,offset_mae_sec,,10.723124999999957,,,
wbs_20260625,wbs,no_transcript,boundary_f1,5.0,0.35294117647058826,9,17,16
wbs_20260625,wbs,no_transcript,onset_f1,5.0,0.43243243243243246,8,11,10
wbs_20260625,wbs,no_transcript,offset_f1,5.0,0.27027027027027023,5,14,13
wbs_20260625,wbs,no_transcript,internal_boundary_f1,5.0,0.36734693877551017,9,17,14
wbs_20260625,wbs,no_transcript,boundary_f1,30.0,0.7843137254901961,20,6,5
wbs_20260625,wbs,no_transcript,onset_f1,30.0,0.8648648648648649,16,3,2
wbs_20260625,wbs,no_transcript,offset_f1,30.0,0.7567567567567567,14,5,4
wbs_20260625,wbs,no_transcript,internal_boundary_f1,30.0,0.7659574468085107,18,6,5
wbs_20260625,wbs,no_transcript,pk,,0.11010777745412176,,,
wbs_20260625,wbs,no_transcript,window_diff,,0.1806000582580833,,,
wbs_20260625,wbs,no_transcript,topic_count_error,,1.0,,,
wbs_20260625,wbs,no_transcript,match_rate,,0.8888888888888888,,,
wbs_20260625,wbs,no_transcript,mean_iou_matched,,0.7060803373326704,,,
wbs_20260625,wbs,no_transcript,onset_mae_sec,,8.940625000000033,,,
wbs_20260625,wbs,no_transcript,offset_mae_sec,,22.76437499999996,,,
wbs_20260625,wbs,no_vlm_no_ocr,boundary_f1,5.0,0.6382978723404256,15,7,10
wbs_20260625,wbs,no_vlm_no_ocr,onset_f1,5.0,0.6111111111111112,11,7,7
wbs_20260625,wbs,no_vlm_no_ocr,offset_f1,5.0,0.6111111111111112,11,7,7
wbs_20260625,wbs,no_vlm_no_ocr,internal_boundary_f1,5.0,0.6363636363636365,14,7,9
wbs_20260625,wbs,no_vlm_no_ocr,boundary_f1,30.0,0.8936170212765958,21,1,4
wbs_20260625,wbs,no_vlm_no_ocr,onset_f1,30.0,0.8888888888888888,16,2,2
wbs_20260625,wbs,no_vlm_no_ocr,offset_f1,30.0,0.9444444444444444,17,1,1
wbs_20260625,wbs,no_vlm_no_ocr,internal_boundary_f1,30.0,0.8837209302325583,19,1,4
wbs_20260625,wbs,no_vlm_no_ocr,pk,,0.06321002039032916,,,
wbs_20260625,wbs,no_vlm_no_ocr,window_diff,,0.13370230119429072,,,
wbs_20260625,wbs,no_vlm_no_ocr,topic_count_error,,0.0,,,
wbs_20260625,wbs,no_vlm_no_ocr,match_rate,,0.8888888888888888,,,
wbs_20260625,wbs,no_vlm_no_ocr,mean_iou_matched,,0.7311006011392458,,,
wbs_20260625,wbs,no_vlm_no_ocr,onset_mae_sec,,12.778750000000034,,,
wbs_20260625,wbs,no_vlm_no_ocr,offset_mae_sec,,9.738749999999985,,,
wbs_20260625,wbs,no_ocr,boundary_f1,5.0,0.64,16,9,9
wbs_20260625,wbs,no_ocr,onset_f1,5.0,0.7647058823529411,13,3,5
wbs_20260625,wbs,no_ocr,offset_f1,5.0,0.47058823529411764,8,8,10
wbs_20260625,wbs,no_ocr,internal_boundary_f1,5.0,0.6382978723404256,15,9,8
wbs_20260625,wbs,no_ocr,boundary_f1,30.0,0.88,22,3,3
wbs_20260625,wbs,no_ocr,onset_f1,30.0,0.8823529411764706,15,1,3
wbs_20260625,wbs,no_ocr,offset_f1,30.0,0.8823529411764706,15,1,3
wbs_20260625,wbs,no_ocr,internal_boundary_f1,30.0,0.8695652173913043,20,3,3
wbs_20260625,wbs,no_ocr,pk,,0.033789688319254295,,,
wbs_20260625,wbs,no_ocr,window_diff,,0.14244101369064957,,,
wbs_20260625,wbs,no_ocr,topic_count_error,,2.0,,,
wbs_20260625,wbs,no_ocr,match_rate,,0.8333333333333334,,,
wbs_20260625,wbs,no_ocr,mean_iou_matched,,0.7981756859768746,,,
wbs_20260625,wbs,no_ocr,onset_mae_sec,,4.462000000000073,,,
wbs_20260625,wbs,no_ocr,offset_mae_sec,,9.366666666666625,,,
