reference_condition,other_condition,group,metric,tolerance_sec,n_programs,mean_difference,ci95_low,ci95_high,wins,ties,losses
full,no_vlm,all,boundary_f1,30.0,20,0.04178965606402929,0.010703133149883822,0.07366056128169837,12,2,6
full,no_vlm,all,boundary_f1,5.0,20,0.06659929534471283,0.030511655215259077,0.104227062669051,14,1,5
full,no_vlm,all,internal_boundary_f1,30.0,20,0.04983083407561529,0.012321622309263187,0.08757648765439216,11,3,6
full,no_vlm,all,internal_boundary_f1,5.0,20,0.0706562969039189,0.033633528053251996,0.11137059384008749,16,1,3
full,no_vlm,all,offset_f1,30.0,20,0.02743321984890492,-0.006844960495120922,0.05970181078336698,10,5,5
full,no_vlm,all,offset_f1,5.0,20,0.029629769476658314,-0.010289441413836631,0.06854643523624027,11,3,6
full,no_vlm,all,offset_mae_sec,,20,-1.8151312903664105,-3.5656711810631037,-0.3062209323368143,12,1,7
full,no_vlm,all,onset_f1,30.0,20,0.04803120936493245,0.015997942358676052,0.07852370116698575,11,7,2
full,no_vlm,all,onset_f1,5.0,20,0.08262160305295145,0.03848875326517996,0.12901476124513017,15,4,1
full,no_vlm,all,onset_mae_sec,,20,-1.3343776445260944,-2.912797210105536,0.22124241665864197,10,2,8
full,no_vlm,all,pk,,20,-0.01184542820427599,-0.020747823962589243,-0.003351249632418356,12,2,6
full,no_vlm,all,topic_count_error,,20,-0.3,-0.65,0.05,7,12,1
full,no_vlm,all,window_diff,,20,-0.02353276142119991,-0.0404885922042277,-0.009169396150214244,15,0,5
full,no_vlm,news7,boundary_f1,30.0,10,0.04097096391367675,0.0035085428220656854,0.08161138620534973,6,1,3
full,no_vlm,news7,boundary_f1,5.0,10,0.03745396835848981,-0.01138286836019219,0.08082785207988405,6,1,3
full,no_vlm,news7,internal_boundary_f1,30.0,10,0.05003793885628588,0.0017297926139459776,0.09884703741596489,6,1,3
full,no_vlm,news7,internal_boundary_f1,5.0,10,0.03221634499868451,-0.014536059011358505,0.08511940029354892,6,1,3
full,no_vlm,news7,offset_f1,30.0,10,0.03474345982011884,0.0001640029211825464,0.07497088980813235,5,4,1
full,no_vlm,news7,offset_f1,5.0,10,-0.002447124322410349,-0.05269556466924886,0.048766872207375654,4,3,3
full,no_vlm,news7,offset_mae_sec,,10,-0.3210479797979727,-1.7598816603535272,0.8798344696969763,4,1,5
full,no_vlm,news7,onset_f1,30.0,10,0.03474345982011884,-0.0013139751552795002,0.07242762267290294,5,4,1
full,no_vlm,news7,onset_f1,5.0,10,0.024402090789962656,-0.019823947130926535,0.06812530413268404,5,4,1
full,no_vlm,news7,onset_mae_sec,,10,-0.33166346153846077,-1.9678394230769196,0.9808688301282048,3,2,5
full,no_vlm,news7,pk,,10,-0.002819437645811327,-0.012406632746158462,0.005741580674549054,4,2,4
full,no_vlm,news7,topic_count_error,,10,-0.2,-0.7,0.4,4,5,1
full,no_vlm,news7,window_diff,,10,-0.010132189680709761,-0.033665430408492895,0.011492896272800222,7,0,3
full,no_vlm,wbs,boundary_f1,30.0,10,0.04260834821438183,-0.007990028357440126,0.09222658623703177,6,1,3
full,no_vlm,wbs,boundary_f1,5.0,10,0.09574462233093586,0.04341500074304776,0.14516469429277135,8,0,2
full,no_vlm,wbs,internal_boundary_f1,30.0,10,0.0496237292949447,-0.0016443449610631532,0.10575093543768835,5,2,3
full,no_vlm,wbs,internal_boundary_f1,5.0,10,0.10909624880915332,0.058503421643036596,0.1621217795071159,10,0,0
full,no_vlm,wbs,offset_f1,30.0,10,0.020122979877691006,-0.03778127718079176,0.08081078305146515,5,1,4
full,no_vlm,wbs,offset_f1,5.0,10,0.06170666327572697,0.005937774044461246,0.11555663593505887,7,0,3
full,no_vlm,wbs,offset_mae_sec,,10,-3.309214600934849,-6.403344888538772,-0.9699664229377494,8,0,2
full,no_vlm,wbs,onset_f1,30.0,10,0.06131895890974607,0.013855119027082984,0.11056593587169226,6,3,1
full,no_vlm,wbs,onset_f1,5.0,10,0.14084111531594026,0.08150397717903485,0.2071815178919007,10,0,0
full,no_vlm,wbs,onset_mae_sec,,10,-2.3370918275137287,-4.689541915987885,0.5914454664541405,7,0,3
full,no_vlm,wbs,pk,,10,-0.02087141876274065,-0.0329969272950462,-0.005976401612492583,8,0,2
full,no_vlm,wbs,topic_count_error,,10,-0.4,-0.9,0.0,3,7,0
full,no_vlm,wbs,window_diff,,10,-0.03693333316169006,-0.05787640921262134,-0.016008786237044586,8,0,2
full,no_transcript,all,boundary_f1,30.0,20,0.009015219169128796,-0.04597587787433715,0.06150415793717131,10,2,8
full,no_transcript,all,boundary_f1,5.0,20,0.3068698894900529,0.2182473830534892,0.3981923894487843,19,0,1
full,no_transcript,all,internal_boundary_f1,30.0,20,0.004674350465731081,-0.05170522563358909,0.059788078599864805,9,2,9
full,no_transcript,all,internal_boundary_f1,5.0,20,0.32920094013157686,0.23366254865565558,0.4206649117363171,19,0,1
full,no_transcript,all,offset_f1,30.0,20,0.028032676726192002,-0.028967185140600125,0.08083942091291244,11,2,7
full,no_transcript,all,offset_f1,5.0,20,0.3332861148349269,0.2589276967415912,0.42056619835130615,20,0,0
full,no_transcript,all,offset_mae_sec,,20,-9.075778714046963,-13.387190936900915,-5.141728582769735,18,0,2
full,no_transcript,all,onset_f1,30.0,20,0.004235436547372878,-0.05501742630132597,0.06159706022727207,10,3,7
full,no_transcript,all,onset_f1,5.0,20,0.3447968593607643,0.2515602840192148,0.44312962018250535,18,0,2
full,no_transcript,all,onset_mae_sec,,20,-3.6883263384319482,-6.546336912878791,-0.5053453347640263,15,0,5
full,no_transcript,all,pk,,20,-0.043920467653451555,-0.07596993773854414,-0.0134182139580233,17,0,3
full,no_transcript,all,topic_count_error,,20,-0.2,-1.05,0.8,9,7,4
full,no_transcript,all,window_diff,,20,-0.04121103542351698,-0.07814540585329313,-0.0011740256900596904,14,0,6
full,no_transcript,news7,boundary_f1,30.0,10,-0.03892230896197223,-0.11025415041793886,0.028393727557719968,2,2,6
full,no_transcript,news7,boundary_f1,5.0,10,0.3351214687458453,0.19348637559986662,0.48114366733653047,10,0,0
full,no_transcript,news7,internal_boundary_f1,30.0,10,-0.04469866251963439,-0.13274230722389288,0.03288067226890756,2,2,6
full,no_transcript,news7,internal_boundary_f1,5.0,10,0.39062929158904386,0.22689169224308545,0.5383956526789344,10,0,0
full,no_transcript,news7,offset_f1,30.0,10,-0.03111934696374057,-0.10964049452962496,0.04478330708193397,3,2,5
full,no_transcript,news7,offset_f1,5.0,10,0.3848630508825017,0.2537767667274246,0.5156520616587835,10,0,0
full,no_transcript,news7,offset_mae_sec,,10,-10.133374181374183,-19.19980618894992,-3.5000822510822225,9,0,1
full,no_transcript,news7,onset_f1,30.0,10,-0.03111934696374057,-0.11608272741751002,0.04330734940117088,3,2,5
full,no_transcript,news7,onset_f1,5.0,10,0.3485225025419534,0.18702096441570126,0.5008179622056053,9,0,1
full,no_transcript,news7,onset_mae_sec,,10,-4.391232098457098,-6.564025448926055,-1.9674530226717792,9,0,1
full,no_transcript,news7,pk,,10,-0.03673935488851095,-0.08923503714427398,0.01698185434971114,8,0,2
full,no_transcript,news7,topic_count_error,,10,0.3,-1.2,2.2,4,3,3
full,no_transcript,news7,window_diff,,10,-0.021401744978158905,-0.09679498816142983,0.04589826935128068,6,0,4
full,no_transcript,wbs,boundary_f1,30.0,10,0.056952747300229825,-0.00631809975448841,0.11064993685349889,8,0,2
full,no_transcript,wbs,boundary_f1,5.0,10,0.27861831023426026,0.18171151105513975,0.36180660623433136,9,0,1
full,no_transcript,wbs,internal_boundary_f1,30.0,10,0.05404736345109655,-0.01871511186373648,0.11798505819346267,7,0,3
full,no_transcript,wbs,internal_boundary_f1,5.0,10,0.26777258867410986,0.16225686542322879,0.34750935805614547,9,0,1
full,no_transcript,wbs,offset_f1,30.0,10,0.08718470041612457,0.02077723220912075,0.14524566816459228,8,0,2
full,no_transcript,wbs,offset_f1,5.0,10,0.28170917878735213,0.2020792622929814,0.35852095350121665,10,0,0
full,no_transcript,wbs,offset_mae_sec,,10,-8.018183246719747,-10.91311586530665,-4.93201920702493,9,0,1
full,no_transcript,wbs,onset_f1,30.0,10,0.03959022005848632,-0.0486899832559662,0.1153279499922302,7,1,2
full,no_transcript,wbs,onset_f1,5.0,10,0.34107121617957536,0.23355068500192339,0.4415445254222343,9,0,1
full,no_transcript,wbs,onset_mae_sec,,10,-2.9854205784067993,-8.364244024906029,2.575903880872516,6,0,4
full,no_transcript,wbs,pk,,10,-0.05110158041839217,-0.07835779897292744,-0.018861642602160077,9,0,1
full,no_transcript,wbs,topic_count_error,,10,-0.7,-1.6,0.0,5,4,1
full,no_transcript,wbs,window_diff,,10,-0.061020325868875055,-0.09442302386082012,-0.021215695924292635,8,0,2
full,no_vlm_no_ocr,all,boundary_f1,30.0,20,0.020925839552870234,-0.012441591244797866,0.054171001013074684,10,2,8
full,no_vlm_no_ocr,all,boundary_f1,5.0,20,0.07606581174471923,0.020870857259024076,0.1248899912253537,13,1,6
full,no_vlm_no_ocr,all,internal_boundary_f1,30.0,20,0.027599940507445953,-0.01293606570496105,0.06425944236906646,11,2,7
full,no_vlm_no_ocr,all,internal_boundary_f1,5.0,20,0.07574669039644767,0.019529601389072383,0.13081341391731027,13,1,6
full,no_vlm_no_ocr,all,offset_f1,30.0,20,0.015628611272590937,-0.014953319715760844,0.05043064345112567,6,7,7
full,no_vlm_no_ocr,all,offset_f1,5.0,20,0.042252964537070774,-0.013446495695566869,0.10167239934277895,10,3,7
full,no_vlm_no_ocr,all,offset_mae_sec,,20,-4.160208516346058,-7.980212146856574,-1.0068073987972468,15,0,5
full,no_vlm_no_ocr,all,onset_f1,30.0,20,0.026947986341966008,-0.0038331308787830543,0.05995600442789622,8,7,5
full,no_vlm_no_ocr,all,onset_f1,5.0,20,0.10799574132512617,0.044876442680294955,0.17426501654193385,13,3,4
full,no_vlm_no_ocr,all,onset_mae_sec,,20,-1.7869578170625295,-3.3359950918246057,-0.4028356594139939,15,0,5
full,no_vlm_no_ocr,all,pk,,20,-0.01774920694467453,-0.03370475299194849,-0.004712223618457497,14,0,6
full,no_vlm_no_ocr,all,topic_count_error,,20,0.0,-0.4,0.45,5,11,4
full,no_vlm_no_ocr,all,window_diff,,20,-0.016492161317341693,-0.04137237392814268,0.009164188339421411,14,0,6
full,no_vlm_no_ocr,news7,boundary_f1,30.0,10,0.014848977914195293,-0.026007059164667886,0.055609243614678346,4,2,4
full,no_vlm_no_ocr,news7,boundary_f1,5.0,10,0.034858998295280136,-0.03177917343636989,0.11470597391946709,5,1,4
full,no_vlm_no_ocr,news7,internal_boundary_f1,30.0,10,0.019371272189619194,-0.02595044885716575,0.06562218728591215,4,2,4
full,no_vlm_no_ocr,news7,internal_boundary_f1,5.0,10,0.03034750595122117,-0.03785804133946541,0.10646967970110394,5,1,4
full,no_vlm_no_ocr,news7,offset_f1,30.0,10,0.02730167645728284,-0.0043116883116883446,0.06577501271294175,3,5,2
full,no_vlm_no_ocr,news7,offset_f1,5.0,10,0.0032080976486011104,-0.07172544998860787,0.0865341637608515,3,3,4
full,no_vlm_no_ocr,news7,offset_mae_sec,,10,-4.803815850815848,-11.73367487373738,0.38311728826730285,8,0,2
full,no_vlm_no_ocr,news7,onset_f1,30.0,10,0.02730167645728284,-0.002456051195181641,0.06817137565587218,3,5,2
full,no_vlm_no_ocr,news7,onset_f1,5.0,10,0.04754003471738022,-0.0200955874534822,0.13010739206445723,4,3,3
full,no_vlm_no_ocr,news7,onset_mae_sec,,10,-1.3013825563325503,-2.4976574174436665,-0.23695532051280918,8,0,2
full,no_vlm_no_ocr,news7,pk,,10,-0.013618494781899368,-0.04349145947017923,0.003605960490180894,6,0,4
full,no_vlm_no_ocr,news7,topic_count_error,,10,0.0,-0.8,0.8,3,5,2
full,no_vlm_no_ocr,news7,window_diff,,10,-0.001181383538951844,-0.04478424387335463,0.040113799804886864,6,0,4
full,no_vlm_no_ocr,wbs,boundary_f1,30.0,10,0.027002701191545176,-0.021629108980144772,0.07519930122033926,6,0,4
full,no_vlm_no_ocr,wbs,boundary_f1,5.0,10,0.11727262519415835,0.044220399632825626,0.18942778479890007,8,0,2
full,no_vlm_no_ocr,wbs,internal_boundary_f1,30.0,10,0.03582860882527271,-0.021027221586601638,0.10052421923388133,7,0,3
full,no_vlm_no_ocr,wbs,internal_boundary_f1,5.0,10,0.12114587484167416,0.05232266794848176,0.19532048014964673,8,0,2
full,no_vlm_no_ocr,wbs,offset_f1,30.0,10,0.003955546087899031,-0.04338404242816008,0.05951438634894516,3,2,5
full,no_vlm_no_ocr,wbs,offset_f1,5.0,10,0.08129783142554044,0.009317643484826166,0.15778212217134432,7,0,3
full,no_vlm_no_ocr,wbs,offset_mae_sec,,10,-3.516601181876267,-7.033589909838937,-0.6657721707762259,7,0,3
full,no_vlm_no_ocr,wbs,onset_f1,30.0,10,0.02659429622664917,-0.030888138209829375,0.0803897642390289,5,2,3
full,no_vlm_no_ocr,wbs,onset_f1,5.0,10,0.1684514479328721,0.0804011251046855,0.2582881791411202,9,0,1
full,no_vlm_no_ocr,wbs,onset_mae_sec,,10,-2.2725330777925086,-5.041773763867387,0.774544646281786,7,0,3
full,no_vlm_no_ocr,wbs,pk,,10,-0.021879919107449693,-0.035036861926224815,-0.009179173532949798,8,0,2
full,no_vlm_no_ocr,wbs,topic_count_error,,10,0.0,-0.4,0.4,2,6,2
full,no_vlm_no_ocr,wbs,window_diff,,10,-0.03180293909573153,-0.05466055999036809,-0.010360481235510172,8,0,2
full,no_ocr,all,boundary_f1,30.0,20,0.013385304945896025,-0.012557207821641476,0.039687976978633986,11,3,6
full,no_ocr,all,boundary_f1,5.0,20,0.031156552862159632,-0.014802553253198975,0.07963862268818807,10,2,8
full,no_ocr,all,internal_boundary_f1,30.0,20,0.014517932485643741,-0.0174895323211159,0.04424884938371743,11,3,6
full,no_ocr,all,internal_boundary_f1,5.0,20,0.026680081552265183,-0.0183443154155877,0.07158741415969401,9,2,9
full,no_ocr,all,offset_f1,30.0,20,0.01739469042091917,-0.00965699419981908,0.04337060975509182,8,8,4
full,no_ocr,all,offset_f1,5.0,20,0.02957880271859506,-0.01994809926859159,0.08044357382406564,9,4,7
full,no_ocr,all,offset_mae_sec,,20,-3.016175561611591,-6.770987894620696,-0.04650479138814128,13,0,7
full,no_ocr,all,onset_f1,30.0,20,0.013983791960578518,-0.012320128036579179,0.04457761680650875,6,8,6
full,no_ocr,all,onset_f1,5.0,20,0.05050078921992927,-0.0030345345486922017,0.10818197843143068,11,2,7
full,no_ocr,all,onset_mae_sec,,20,0.25463559255287516,-1.1575362274235121,1.8316798640054759,11,0,9
full,no_ocr,all,pk,,20,-0.0051529161618754345,-0.014174320925864934,0.0034340307491398446,12,0,8
full,no_ocr,all,topic_count_error,,20,-0.2,-0.7,0.2,5,12,3
full,no_ocr,all,window_diff,,20,-0.0050116143097555434,-0.02386531534521597,0.015530088318974268,14,0,6
full,no_ocr,news7,boundary_f1,30.0,10,-0.013622157384131662,-0.049298248197329905,0.020816967690966536,3,3,4
full,no_ocr,news7,boundary_f1,5.0,10,-0.02733055757000368,-0.07634710343241081,0.02246263802622491,3,1,6
full,no_ocr,news7,internal_boundary_f1,30.0,10,-0.01576811594202897,-0.05691200828157349,0.028478571428571384,3,3,4
full,no_ocr,news7,internal_boundary_f1,5.0,10,-0.035285429225057716,-0.08059521940907391,0.009787707906128972,2,2,6
full,no_ocr,news7,offset_f1,30.0,10,-0.005011693112379601,-0.029091960670908024,0.020071918927754184,1,7,2
full,no_ocr,news7,offset_f1,5.0,10,-0.044998022572393284,-0.0965029421379536,0.00018769750463113686,1,4,5
full,no_ocr,news7,offset_mae_sec,,10,-2.4448181041181107,-9.188001704545455,1.5664641894910614,5,0,5
full,no_ocr,news7,onset_f1,30.0,10,-0.005011693112379601,-0.02808861618930266,0.020071918927754184,1,7,2
full,no_ocr,news7,onset_f1,5.0,10,-0.010924087735300559,-0.07151523191720563,0.05156692252255751,3,2,5
full,no_ocr,news7,onset_mae_sec,,10,-0.43468950493950426,-1.7400646509740143,0.7982270840270927,5,0,5
full,no_ocr,news7,pk,,10,0.000942946224038449,-0.01225939508252931,0.014148815893048386,5,0,5
full,no_ocr,news7,topic_count_error,,10,0.2,0.0,0.6,0,9,1
full,no_ocr,news7,window_diff,,10,0.016745916056363063,-0.013392961965659013,0.049673226202459626,5,0,5
full,no_ocr,wbs,boundary_f1,30.0,10,0.04039276727592371,0.012475637299156747,0.0687209978426073,8,0,2
full,no_ocr,wbs,boundary_f1,5.0,10,0.08964366329432294,0.029208023593362973,0.14408406323838194,7,1,2
full,no_ocr,wbs,internal_boundary_f1,30.0,10,0.04480398091331646,0.008444935312075026,0.0789909557131145,8,0,2
full,no_ocr,wbs,internal_boundary_f1,5.0,10,0.08864559232958807,0.03457133182155848,0.1464232946277241,7,0,3
full,no_ocr,wbs,offset_f1,30.0,10,0.03980107395421793,-0.0026920916023350323,0.0812031251583102,7,1,2
full,no_ocr,wbs,offset_f1,5.0,10,0.1041556280095834,0.04684645645091895,0.16737473281451476,8,0,2
full,no_ocr,wbs,offset_mae_sec,,10,-3.5875330191050723,-7.46832446895422,-0.6615738725490133,8,0,2
full,no_ocr,wbs,onset_f1,30.0,10,0.03297927703353663,-0.014000008161772864,0.08864094021681487,5,1,4
full,no_ocr,wbs,onset_f1,5.0,10,0.11192566617515909,0.037750680044544176,0.18806966849918166,8,0,2
full,no_ocr,wbs,onset_mae_sec,,10,0.9439606900452546,-1.6951603676470535,3.8698495583521915,6,0,4
full,no_ocr,wbs,pk,,10,-0.011248778547789318,-0.023219123225604706,-0.0014262413343760392,7,0,3
full,no_ocr,wbs,topic_count_error,,10,-0.6,-1.4,0.10249999999999773,5,3,2
full,no_ocr,wbs,window_diff,,10,-0.02676914467587415,-0.04451198528556585,-0.008973719688926267,9,0,1
