reference_condition,other_condition,comparison,metric,n_programs,reference_mean,other_mean,mean_difference,ci95_low,ci95_high,wins,ties,losses
full,no_vlm,Integrated - No VLM,F1@5,20,0.6777859180615015,0.6111866227167886,0.06659929534471283,0.030340803723231686,0.10351468839711218,14,1,5
full,no_vlm,Integrated - No VLM,F1@30,20,0.881108068233536,0.8393184121695066,0.04178965606402929,0.010703133149883822,0.07366056128169837,12,2,6
full,no_vlm,Integrated - No VLM,Pk,20,0.0740742012857497,0.0859196294900257,-0.01184542820427599,-0.02089024912100991,-0.003068877709057195,12,2,6
full,no_vlm,Integrated - No VLM,WindowDiff,20,0.13030872392950352,0.15384148535070347,-0.02353276142119991,-0.03842678495909827,-0.007590402717554557,15,0,5
full,no_vlm,Integrated - No VLM,Start F1@5,20,0.724309884268526,0.6416882812155745,0.08262160305295145,0.03894538254448113,0.12958494722454528,15,4,1
full,no_vlm,Integrated - No VLM,End F1@5,20,0.6425538124249929,0.6129240429483346,0.029629769476658314,-0.010406681949395919,0.06757547274393079,11,3,6
full,no_vlm,Integrated - No VLM,Start F1@30,20,0.8955970580734679,0.8475658487085355,0.04803120936493245,0.0171372495596143,0.08295239762419744,11,7,2
full,no_vlm,Integrated - No VLM,End F1@30,20,0.8992271085785184,0.8717938887296135,0.02743321984890492,-0.006431115805130135,0.063176533319283,10,5,5
full,no_transcript,Integrated - No transcript,F1@5,20,0.6777859180615015,0.3709160285714487,0.3068698894900529,0.2127075557919442,0.3951992217676721,19,0,1
full,no_transcript,Integrated - No transcript,F1@30,20,0.881108068233536,0.8720928490644072,0.009015219169128796,-0.045150752590211195,0.05580057474924531,10,2,8
full,no_transcript,Integrated - No transcript,Pk,20,0.0740742012857497,0.11799466893920126,-0.043920467653451555,-0.07629827171083343,-0.010270826446140182,17,0,3
full,no_transcript,Integrated - No transcript,WindowDiff,20,0.13030872392950352,0.1715197593530205,-0.04121103542351698,-0.0823962225523249,0.0022356790743425126,14,0,6
full,no_transcript,Integrated - No transcript,Start F1@5,20,0.724309884268526,0.37951302490776173,0.3447968593607643,0.23542164509412,0.4457264450456039,18,0,2
full,no_transcript,Integrated - No transcript,End F1@5,20,0.6425538124249929,0.309267697590066,0.3332861148349269,0.24776990695948709,0.42158476303477527,20,0,0
full,no_transcript,Integrated - No transcript,Start F1@30,20,0.8955970580734679,0.8913616215260951,0.004235436547372878,-0.05768245613352626,0.05639410161304299,10,3,7
full,no_transcript,Integrated - No transcript,End F1@30,20,0.8992271085785184,0.8711944318523266,0.028032676726192002,-0.028574321069811726,0.07691340415605206,11,2,7
full,no_ocr,Integrated - No RapidOCR,F1@5,20,0.6777859180615015,0.646629365199342,0.031156552862159632,-0.016807443181168714,0.0743599525954363,10,2,8
full,no_ocr,Integrated - No RapidOCR,F1@30,20,0.881108068233536,0.8677227632876399,0.013385304945896025,-0.011814741017724954,0.03884339743020783,11,3,6
full,no_ocr,Integrated - No RapidOCR,Pk,20,0.0740742012857497,0.07922711744762514,-0.0051529161618754345,-0.014357301304772288,0.0035978285252017653,12,0,8
full,no_ocr,Integrated - No RapidOCR,WindowDiff,20,0.13030872392950352,0.1353203382392591,-0.0050116143097555434,-0.024442128664190505,0.017184676849250558,14,0,6
full,no_ocr,Integrated - No RapidOCR,Start F1@5,20,0.724309884268526,0.6738090950485969,0.05050078921992927,-0.004049261282961179,0.10326120213218686,11,2,7
full,no_ocr,Integrated - No RapidOCR,End F1@5,20,0.6425538124249929,0.6129750097063978,0.02957880271859506,-0.020964595378311305,0.07815074016823788,9,4,7
full,no_ocr,Integrated - No RapidOCR,Start F1@30,20,0.8955970580734679,0.8816132661128895,0.013983791960578518,-0.011673756360447127,0.04482435305078951,6,8,6
full,no_ocr,Integrated - No RapidOCR,End F1@30,20,0.8992271085785184,0.8818324181575994,0.01739469042091917,-0.006891405971639216,0.04395354651921318,8,8,4
